Incident Type,Location,Borough,Creation Date,Closed Date,Latitude,Longitude
Fire-Brush,East Service Road & Wild Avenue,Staten Island,,,,
Law Enforcement-Suspicious Package,Broadway & Vesey St,Manhattan,,,,
Fire-1st Alarm,2089 Amsterdam Avenue,Manhattan,,,,
Structural-Other,727 Morris Park Avenue,Bronx,,,,
Fire-2nd Alarm,52-15 Seabury Street,Queens,,,,
Utility-Other,163 Street & Jamaica Avenue,Queens,,,,
Utility-Gas High Pressure,Tillary Street & Jay Street,Brooklyn,,,,
Fire-1st Alarm,3202 Clarendon Road,Brooklyn,,,,
Fire-2nd Alarm,97 Nicholas Avenue,Staten Island,,,,
Fire-3rd Alarm,343 East 66 Street,Manhattan,,,,
Utility-Steam Main,East 57th Street & 1st Avenue,Manhattan,,,,
Utility-Steam Main,East 57 Street & 1st Avenue,Manhattan,,,,
Structural-Collapse,2nd Avenue & East 7th Street,Manhattan,,,,
Fire-2nd Alarm,2010 Newkirk Avenue,Brooklyn,,,,
Law Enforcement-Other,320 jay street,Brooklyn,,,,
Utility-Network Condition,East 37 Street & 2nd Avenue,MANHATTAN,,,,
Utility-Water Service Line,34-28 21 Street,Queens,,,,
Fire-2nd Alarm,570 East Fordham Avenue,Bronx,,,,
Utility-Water Service Line,30 West 138 Street,Manhattan,,,,
Utility-Water Main,500 Abbot St,Bronx,,,,
Fire-2nd Alarm,90-16 53 Ave,Queens,,,,
Law Enforcement-Other,315 East 113 Street,Manhattan,,,,
Utility-Gas Service Line,1765 Madison Ave,Manhattan,,,,
Utility-Steam Main,East 68th Street & East 69th Street,Manhattan,,,,
Fire-Sensitive Location,405 E 42 Street,Manhattan,,,,
Fire-2nd Alarm,135-03 Hawtree Street,Queens,,,,
Fire-2nd Alarm,3384 Bedford Avenue,Brooklyn,,,,
Fire-2nd Alarm,1262 Findlay Avenue,Bronx,,,,
Fire-Residential,35-50 Leverich Street,Queens,,,,
Transportation-Other,,Staten Island,,,,
Fire-Collapse,305 E 182 Street,Bronx,,,,
Fire-10-77 (Residential High Rise Fire),900 Baychester ave,Bronx,,,,
Fire-2nd Alarm,1433 Avenue H,Brooklyn,,,,
Fire-4th Alarm,91-21 90 St,Queens,,,,
Fire-2nd Alarm,17 Van Corlear Place,Bronx,,,,
Utility-Water Main,,Queens,,,,
Fire-2nd Alarm,62 Allen Street,Manhattan,,,,
Structural-Scaffold,195 Greenpoint Avenue,Brooklyn,,,,
Marine-Freight Wet Goods,392 Front St,Staten Island,,,,
Structural-Parapet,31-42 41 Street,Queens,,,,
Structural-Parapet,65-25 Queens Blvd,Queens,,,,
Utility-Water Service Line,Irving Place & Fulton Street,Brooklyn,,,,
Fire-4th Alarm,134 Hampton Place,Staten Island,,,,
Administration-Meeting,215 West 125 Street,Manhattan,,,,
Utility-Other,202 Jay Street,Brooklyn,,,,
Rescue-Confined Space,1455 Grand Concourse,Bronx,,,,
HazMat-Fuel,East 39th Street & Second Ave,Manhattan,,,,
Fire-1st Alarm,98-11 44 Avenue,Queens,,,,
Structural-Other,1202 Ocean Parkway,Brooklyn,,,,
Utility-Power Outage,,Brooklyn,,,,
HazMat-Fuel,,Brooklyn,,,,
Fire-Other,985 Bronx River Avenue,Bronx,,,,
Fire-School,310 Crown Street,Brooklyn,,,,
HazMat-High Carbon Monoxide,104 Euclid Avenue,Brooklyn,,,,
Structural-Scaffold,206 East 36 Street,Manhattan,,,,
Fire-10-77 (Residential High Rise Fire),580 West end Ave,Manhattan,,,,
HazMat-Fuel,829 East 226 Street,Bronx,,,,
Law Enforcement-Suspicious Package,,Brooklyn,,,,
Fire-Manhole,,Manhattan,,,,
Fire-3rd Alarm,1295 5 Avenue,Manhattan,,,,
Fire-3rd Alarm,11 Kenmore Street,Staten Island,,,,
Structural-Partial Collapse,1773 East 19 Street,Brooklyn,,,,
Fire-Other,,Manhattan,,,,
Utility-Other,2483 West 16 Street,Brooklyn,,,,
Utility-Water Main,235 W 107 Street,Manhattan,,,,
Utility-Other,2120 Tiebout Ave,Bronx,,,,
Law Enforcement-Suspicious Package,W Broadway & Chambers Street,manhattan,,,,
Fire-4th Alarm,2218 National Drive,Brooklyn,,,,
Utility-Gas Main Rupture,Bond St & Schermerhorn st,Brooklyn,,,,
Fire-Haz Mat,1431 55 Street,Brooklyn,,,,
Utility-Power Outage,2800 Victory Boulevard,Staten Island,,,,
Structural-Bridge,,Queens,,,,
Utility-Manhole,111 East 210th Street,Bronx,,,,
Structural-Bricks,151-20 Baisley Blvd,Queens,,,,
Utility-Other,,Queens,,,,
Medical-Injured City Worker,3025 West 32 St,Brooklyn,,,,
HazMat-High Carbon Monoxide,8822 161 Street,Queens,,,,
Utility-Manhole,1285 Broadway,Brooklyn,,,,
Fire-2nd Alarm,565 Van Nest Avenue,Bronx,,,,
Fire-1st Alarm,Nevins Street & Pacific Street,Brooklyn,,,,
HazMat-High Carbon Monoxide,301 5th Avenue,Brooklyn,,,,
Fire-Other,,Manhattan,,,,
Utility-Power Outage,3080 Park Avenue,Bronx,,,,
Aviation-Passenger Aircraft,,Queens,,,,
Utility-Power Outage,25 West 195 Street,Bronx,,,,
Utility-Manhole,252 Norman Avenue,Brooklyn,,,,
Fire-10-76 (Commercial High Rise Fire),1740 Broadway,Manhattan,,,,
Utility-Other,125 Broad Street,Manhattan,,,,
Fire-Sensitive Location,24 Mount Hope Place,Bronx,,,,
Utility-Power Outage,1053 41 Street,Brooklyn,,,,
Fire-Manhole,West 23rd Street & 8th Avenue,Manhattan,,,,
Transportation-School Bus,52 street & 13 avenue,Brooklyn,,,,
Utility-Water Main,741 Ralph Avenue,Brooklyn,,,,
HazMat-High Carbon Monoxide,237 West 30 Street,Manhattan,,,,
Utility-Water Main,97-08 43 Avenue,Queens,,,,
Utility-Water Service Line,465 Hancock Street,Brooklyn,,,,
HazMat-High Carbon Monoxide,36 Bridge Street,Brooklyn,,,,
Fire-Manhole,140-15 58 Road,Queens,,,,
Fire-2nd Alarm,600 West 116 Street,Manhattan,,,,
Utility-Cable TV,2085 Richmond Road,Staten Island,,,,
Structural-Street Collapse,1001 Lafayette Ave,Brooklyn,,,,
Utility-Other,2738 86th street,Brooklyn,,,,
Structural-Scaffold,145 W 58 Street,Manhattan,,,,
Utility-Water Main,Furman Street & Old Fulton Street,Brooklyn,,,,
Fire-Manhole,,Brooklyn,,,,
Law Enforcement-Suspicious Package,Lexington Ave and East 77th Street,Manhattan,,,,
Utility-Other,12 Avenue & 78 Street,Brooklyn,,,,
Structural-Life Safety Violations,84-11 Lander Street,Queens,,,,
Law Enforcement-Device,,Brooklyn,,,,
Utility-Power Outage,711 East 108 St,Brooklyn,,,,
Fire-3rd Alarm,1204 Avenue N,Brooklyn,,,,
Structural-Scaffold,1409 6 Avenue,Manhattan,,,,
Structural-Life Safety Violations,261 1 Avenue,Manhattan,,,,
Utility-Water Main,530 West 28 Street,Manhattan,,,,
Transportation-Other,,Queens,,,,
Utility-Sewer Service,Flatbush Avenue & Atlantic Avenue,Brooklyn,,,,
Utility-Power Outage,40 Rector Street,Manhattan,,,,
Structural-Collapse,622 W 57 Street,Manhattan,,,,
Utility-Other,3340 Bailey Avenue,Bronx,,,,
Fire-2nd Alarm,220 montauk ave,Brooklyn,,,,
Medical-Public Health,462 1st Avenue,Manhattan,,,,
Utility-Water Main,166-05 71 Avenue,Queens,,,,
Fire-2nd Alarm,1045 Ward Avenue,Bronx,,,,
Structural-Construction Accident,620 Atlantic Avenue,Brooklyn,,,,
Fire-10-77 (Residential High Rise Fire),870 United Nations Plaza,Manhattan,,,,
Law Enforcement-Suspicious Package,80-02 Kew Gardens Road,Queens,,,,
Utility-Water Main,270 Broadway,Manhattan,,,,
Fire-Explosion,94-55 44 Ave,Queens,,,,
Utility-Water Main,84-02 Roosevelt Avenue,Queens,,,,
Utility-Power Outage,441 Gates Avenue,Brooklyn,,,,
Utility-Water Main,,Manhattan,,,,
HazMat-High Carbon Monoxide,31-11 32 Street,Queens,,,,
Utility-Other,415 Bleecker,Brooklyn,,,,
Utility-Water Main,205 Prospect,Brooklyn,,,,
Utility-Water Main,120-47 178 Street,Queens,,,,
HazMat-High Carbon Monoxide,820 East 167 Street,Bronx,,,,
Utility-Water Service Line,135 West 52 St,Manhattan,,,,
Fire-2nd Alarm,,Brooklyn,,,,
HazMat-High Carbon Monoxide,536 East 138 Street,Bronx,,,,
Fire-Explosion,1470 Madison Avenue,Manhattan,,,,
Utility-Gas Service Line,2378 86 Street,Brooklyn,,,,
Fire-School,1235 5th Avenue,Manhattan,,,,
Utility-Gas High Pressure,,Brooklyn,,,,
Fire-10-77 (Residential High Rise Fire),9 East 79th Street,manhattan,,,,
Fire-2nd Alarm,116 Ivan Court,Brooklyn,,,,
Utility-Water Service Line,3692 Nostrand Ave,Brooklyn,,,,
Fire-2nd Alarm,819 East 228 Street,Bronx,,,,
Structural-Life Safety Violations,,Brooklyn,,,,
Utility-Water Service Line,1700 Macombs Road,Bronx,,,,
Utility-Water Service Line,3688 Nostrand Avenue,Brooklyn,,,,
Utility-Water Main,5211 111 Street,Queens,,,,
Utility-Other,,Brooklyn,,,,
Utility-Water Main,33-39 Junction Boulevard,Queens,,,,
Utility-Other,459 East 167 Street,Bronx,,,,
Fire-2nd Alarm,72-34 Main St,Queens,,,,
Fire-2nd Alarm,314 West 78th Street,Manhattan,,,,
Fire-2nd Alarm,2705 Bainbridge Avenue,Bronx,,,,
Utility-Other,20 Paladino Avenue,Manhattan,,,,
Utility-Other,Lexington Avenue & East 63rd Street,Manhattan,,,,
Utility-Other,99 WASHINGTON STREET,Manhattan,,,,
Fire-2nd Alarm,1718 Avenue U,Brooklyn,,,,
Structural-Street Collapse,Lexington Avenue & East 49 Street,Manhattan,,,,
Transportation-Payload Truck,FDR Drive & East 42 Street,Manhattan,,,,
Utility-Other,,Brooklyn,,,,
Utility-Water Main,120 Romer Road,Staten Island,,,,
Rescue-Confined Space,626 1 ave,manhattan,,,,
Utility-Water Main,Maiden Lane & Water Street,Manhattan,,,,
Fire-2nd Alarm,,Brooklyn,,,,
Utility-Other,605 3 Ave,Manhattan,,,,
Fire-2nd Alarm,59-25 Xenia Street,Queens,,,,
HazMat-Other,158-40 76 Road,Queens,,,,
Utility-Water Service Line,800 Zerega Ave,Bronx,,,,
Fire-2nd Alarm,157 Nichols Avenue,Brooklyn,,,,
Utility-Water Main,3318 Giles Place,Bronx,,,,
Fire-Haz Mat,16-17 Cross Bay Boulevard,Queens,,,,
Fire-School,168-10 Goethals Avenue,Queens,,,,
Utility-Manhole,414 47 Street,Brooklyn,,,,
Law Enforcement-Haz Mat,357 West 35 street,manhattan,,,,
HazMat-Chemical,81-94 Utopia Parkway,Queens,,,,
Utility-Other,,Manhattan,,,,
Administration-Mutual Aid,,Brooklyn,,,,
HazMat-High Carbon Monoxide,34-51 Leavitt St,Queens,,,,
Structural-Evacuation,28-12 astoria boulevard,Queens,,,,
Utility-Other,785 Pelham Parkway North,Bronx,,,,
Utility-Gas Main Rupture,27-06 Seagirt Ave,Queens,,,,
HazMat-High Carbon Monoxide,30-90 38 Street,Queens,,,,
Utility-Water Main,,Brooklyn,,,,
Transportation-Car,,Brooklyn,,,,
Fire-Haz Mat,111-02 86 Avenue,Queens,,,,
Law Enforcement-Other,2950 West 25th Street,Brooklyn,,,,
Utility-Gas High Pressure,20 ave & 169 st,queens,,,,
Structural-Collapse,1680 Jerome Ave,Bronx,,,,
Fire-2nd Alarm,412 West 46 St,Manhattan,,,,
Utility-Other,242 Cooper Street,Brooklyn,,,,
Law Enforcement-Suspicious Package,,Manhattan,,,,
Structural-Falling Debris,Trinity Place & Liberty Street,Manhattan,,,,
Transportation-Train Subway,Lexington Avenue & East 59 Street,Manhattan,,,,
Utility-Other,West 111 Street & Fredrick Douglas Blvd,Manhattan,,,,
HazMat-High Carbon Monoxide,388 6 Street,Brooklyn,,,,
Fire-Haz Mat,610 West 163 Street,Manhattan,,,,
Utility-Water Main,,Queens,,,,
Utility-Water Service Line,280 Marsh Avenue,Staten Island,,,,
Transportation-Train Subway,Crescent Street & 42 road,Queens,,,,
Fire-2nd Alarm,216 East 89 Street,Brooklyn,,,,
Law Enforcement-Suspicious Package,92-24 Rockaway Beach Blvd,Queens,,,,
Fire-2nd Alarm,1713 East 36 Street,Brooklyn,,,,
Fire-7th Alarm,5 North 11 Street,Brooklyn,,,,
Utility-Water Main,90 Pitt Street,Manhattan,,,,
Utility-Water Main,196 Street & 58 Avenue,Queens,,,,
Fire-2nd Alarm,97 Bond Street,staten island,,,,
Structural-Stability Problem,2013 Lexington Avenue,Manhattan,,,,
Utility-Water Service Line,131 East 47 Street,Manhattan,,,,
Fire-Manhole,,Queens,,,,
Transportation-Train Ground Level,,Manhattan,,,,
Utility-Power Outage,,Brooklyn,,,,
Fire-2nd Alarm,165 Cadman Plaza E,Brooklyn,,,,
Fire-2nd Alarm,15-62 Waters Edge Drive,Queens,,,,
Aviation-Large Aircraft,,Queens,,,,
Fire-10-76 (Commercial High Rise Fire),60 East 42 Street,Manhattan,,,,
Law Enforcement-Device,Jerome Avenue & Mosholu Parkway,Bronx,,,,
Utility-Manhole,42-26 76 Street,Queens,,,,
Utility-Gas Low Pressure,Marmion Avenue & East 176th Street,Bronx,,,,
Utility-Power Outage,140 beach 113 street,queens,,,,
Utility-Other,800 East 176 Street,Bronx,,,,
Fire-2nd Alarm,11-49 Nameoke Street,Queens,,,,
Utility-Power Outage,1172 bay ridge avenue,Brooklyn,,,,
Utility-Water Service Line,Hillman Avenue & sedgwick Avenue,Bronx,,,,
Law Enforcement-Suspicious Package,,Brooklyn,,,,
Fire-1st Alarm,72-66 Main Street,queens,,,,
Structural-Confined Space,413 Grand Street,manhattan,,,,
Fire-1st Alarm,4750 Bedford Ave,Brooklyn,,,,
Administration-Planned Event,123-01 Roosevelt Avenue,Queens,,,,
Fire-5th Alarm,265 Flatbush Avenue,Brooklyn,,,,
Fire-1st Alarm,650 West 168 St,Manhattan,,,,
Transportation-Commuter Bus,625 8th Avenue,Manhattan,,,,
Utility-Power Outage,144 keating place,staten island,,,,
Fire-10-77 (Residential High Rise Fire),1309 Washington Avenue,Bronx,,,,
Utility-Other,237 E 52 Street,Manhattan,,,,
Aviation-Other,,Manhattan,,,,
Fire-2nd Alarm,740 Grand Concourse,Bronx,,,,
Utility-Water Main,,Queens,,,,
HazMat-High Carbon Monoxide,95-08 65 Road,Queens,,,,
Fire-3rd Alarm,501 West 179 Street,Manhattan,,,,
Fire-2nd Alarm,135-20 Horace Harding Expwy,Queens,,,,
Fire-2nd Alarm,118-13 Farmers Blvd,Queens,,,,
Utility-Other,2070 Clinton Ave,Bronx,,,,
Utility-Water Main,39-58 65 street,queens,,,,
Fire-Explosion,88-83 Van Wyck Expressway,Queens,,,,
Utility-Water Main,,Manhattan,,,,
Utility-Water Main,445 W 54 Street,Manhattan,,,,
Utility-Water Main,43 Balfour Place,Brooklyn,,,,
Utility-Other,425 East 35 Street,Manhattan,,,,
Utility-Water Service Line,76-03 Broadway,Queens,,,,
Utility-Water Service Line,174 bleecker st,Manhattan,,,,
Utility-Sewer Service,East 44th Street & 3rd Avenue,Manhattan,,,,
Fire-2nd Alarm,149-61 Powells Cove Boulevard,Queens,,,,
Structural-Elevator,869 Flushing Avenue,Brooklyn,,,,
Fire-1st Alarm,133 East 4th Street,Manhattan,,,,
Structural-Partial Collapse,127 12 street,Brooklyn,,,,
Fire-3rd Alarm,West 33rd St & 8th Avenue,Manhattan,,,,
Rescue-Confined Space,932 Madison Street,Brooklyn,,,,
HazMat-Liquid,250 Park Avenue,Manhattan,,,,
Fire-1st Alarm,285 jay st,Brooklyn,,,,
Fire-2nd Alarm,1464 Eastern Parkway,Brooklyn,,,,
Structural-Crane,165 Front Street,Brooklyn,,,,
Fire-10-77 (Residential High Rise Fire),272 Wyckoff Street,Brooklyn,,,,
Utility-Steam Service Line,255 Mill Road,Staten Island,,,,
Structural-Demolition,985 3 Avenue,Manhattan,,,,
Fire-2nd Alarm,3971 Gouverneur Avenue,Bronx,,,,
Rescue-Confined Space,75 West end ave,manhattan,,,,
HazMat-High Carbon Monoxide,27 lloyd street,Brooklyn,,,,
Utility-Other,West 17th Street & Neptune Avenue,Brooklyn,,,,
Utility-Other,1331 Bay Street,Staten Island,,,,
Utility-Water Main,3 Hanover Square,Manhattan,,,,
Fire-1st Alarm,68 marcus garvey boulevard,Brooklyn,,,,
Fire-2nd Alarm,22 Hausman St,Brooklyn,,,,
Transportation-Commuter Bus,Clarendon Rd & Utica Ave,Brooklyn,,,,
Law Enforcement-Suspicious Package,East 34 Street and 3rd Avenue,Manhattan,,,,
Utility-Water Service Line,2481 Elm Place,Bronx,,,,
Structural-Collapse,32-05 Newtown Avenue,queens,,,,
Fire-High Rise,228 W 47 Street,Manhattan,,,,
Fire-2nd Alarm,34 Rochester Avenue,Brooklyn,,,,
Utility-Power Outage,Avenue L & Flatbush Avenue,Brooklyn,,,,
Fire-2nd Alarm,104-11 37 Avenue,Queens,,,,
Fire-1st Alarm,625 Atlantic Avenue,Brooklyn,,,,
Structural-Other,3901 Nostrand ave,Brooklyn,,,,
HazMat-High Carbon Monoxide,844 Manor Road,Staten Island,,,,
Fire-2nd Alarm,,Brooklyn,,,,
Fire-2nd Alarm,135-07 Liberty Avenue,Queens,,,,
Utility-Water Service Line,101-5 West 18 Street,Manhattan,,,,
Fire-1st Alarm,1025 East 163rd Street,Bronx,,,,
Transportation-Other,,Queens,,,,
Transportation-Other,BQE & Sands Street,Brooklyn,,,,
Law Enforcement-Suspicious Package,79-01 Broadway,Queens,,,,
Utility-Water Main,1526 Hart Place,Brooklyn,,,,
Utility-Electric Feeder Cable,,Staten Island,,,,
Fire-3rd Alarm,122-11 142 Place,Queens,,,,
Law Enforcement-Suspicious Package,4264 White Plains Road,Bronx,,,,
Law Enforcement-Suspicious Package,66-26 Metropolitan Avenue,Queens,,,,
Law Enforcement-Suspicious Package,304 East 45 Street,Manhattan,,,,
Fire-2nd Alarm,5311 4 avenue,Brooklyn,,,,
Law Enforcement-Mobilization,Vernon Avenue & Marcy Avenue,Brooklyn,,,,
Fire-2nd Alarm,374 Utica Avenue,Brooklyn,,,,
Fire-2nd Alarm,210 Skillman Street,Brooklyn,,,,
Medical-EMS MCI (Multiple Casualty Incident),58-17 Woodside Avenue,Queens,,,,
Fire-10-76 (Commercial High Rise Fire),460 Park Avenue South,Manhattan,,,,
HazMat-High Carbon Monoxide,87-20 96th Street,Queens,,,,
Fire-3rd Alarm,2900 Stillwell Avenue,Brooklyn,,,,
Fire-2nd Alarm,103-45 97 St,Queens,,,,
Fire-5th Alarm,103-45 97 Street,Queens,,,,
Structural-Falling Debris,163 West 125 Street,Manhattan,,,,
Law Enforcement-Mobilization,167-01 Gothic Drive,Queens,,,,
Rescue-Confined Space,234 West 42 Street,Manhattan,,,,
Fire-1st Alarm,151 East 25 Street,Manhattan,,,,
Fire-5th Alarm,1959 University Avenue,Bronx,,,,
Utility-Water Main,East 35 Street & First Avenue,Manhattan,,,,
Fire-1st Alarm,1270 Ryawa Avenue,Bronx,,,,
Utility-Gas Service Line,250 East 30 Street,Manhattan,,,,
Utility-Gas Service Line,,Brooklyn,,,,
Structural-Collapse,288 St Nicholas Avenue,Manhattan,,,,
Fire-2nd Alarm,310 Lenox Rd,Brooklyn,,,,
Fire-2nd Alarm,18-38 29 Street,Brooklyn,,,,
Fire-3rd Alarm,400 East Tremont,Bronx,,,,
Fire-2nd Alarm,595 East 170th Street,Bronx,,,,
Fire-2nd Alarm,132-12 111 Avenue,Queens,,,,
Medical-Injured City Worker,Montague Street & Clinton Street,Brooklyn,,,,
Structural-Stability Problem,212 East 127 Street,Manhattan,,,,
Utility-Water Main,,Queens,,,,
Fire-Sensitive Location,200 Central Park West,Manhattan,,,,
Fire-10-77 (Residential High Rise Fire),333 East 46 Street,Manhattan,,,,
Law Enforcement-Device,183 Lorraine Street,Brooklyn,,,,
Fire-4th Alarm,161 Hendrix Street,Brooklyn,,,,
Fire-School,260 West Kingsbridge Road,Bronx,,,,
Utility-Power Outage,1155 Pennsylvania Ave,Brooklyn,,,,
Law Enforcement-Suspicious Package,,Queens,,,,
HazMat-Fuel,,Brooklyn,,,,
Structural-Street Collapse,Atlantic Avenue & Miller Avenue,Brooklyn,,,,
Structural-Stability Problem,1050 Decatur St,Brooklyn,,,,
Fire-10-76 (Commercial High Rise Fire),340 West 40th Street,Manhattan,,,,
Weather-Flooding,,Queens,,,,
Structural-Confined Space,132 West 27th Street,Manhattan,,,,
Fire-2nd Alarm,,Brooklyn,,,,
Utility-Gas Service Line,450 West 17th Street,Manhattan,,,,
Utility-Other,,Queens,,,,
Utility-Other,115 West 27 Street,Manhattan,,,,
Utility-Electric Feeder Cable,135-05 Roosevelt Avenue,Queens,,,,
HazMat-Liquid,122-2 Ocean Promenade,Queens,,,,
HazMat-Other,14-30 Broadway,Queens,,,,
Fire-2nd Alarm,867 New Jersey Avenue,Brooklyn,,,,
HazMat-Other,427 38 Street,Brooklyn,,,,
Law Enforcement-Other,,Citywide,,,,
Fire-3rd Alarm,104-03 180 St,Queens,,,,
Law Enforcement-Suspicious Package,,Brooklyn,,,,
Medical-Public Health,175-01 Van Wyck Expressway,Queens,,,,
Aviation-Passenger Aircraft,JFK Airport,Queens,,,,
Fire-10-76 (Commercial High Rise Fire),1500 Broadway,Manhattan,,,,
Administration-Other,930 Flushing Avenue,Brooklyn,,,,
Fire-Sensitive Location,1874 Washington Avenue,Bronx,,,,
Structural-Collapse,266 West Service Road,Staten Island,,,,
Transportation-Car,Flatbush Avenue & Avenue H,Brooklyn,,,,
Fire-Explosion,107-55 108 Street,Queens,,,,
Fire-1st Alarm,1101 Thomas Boyland St,Brooklyn,,,,
Utility-Water Main,109 East 35 Street,Manhattan,,,,
Fire-3rd Alarm,2610 Frederick Douglass Blvd,Manhattan,,,,
HazMat-Other,840 Astor Ave,Bronx,,,,
Structural-Sidewalk Shed,400 East 57th Street,Manhattan,,,,
Weather-Snow,,Brooklyn,,,,
Structural-Falling Debris,100 Gold Street,Manhattan,,,,
Structural-Scaffold,1095 6 Avenue,Manhattan,,,,
Fire-4th Alarm,85 Hemlock Street,Brooklyn,,,,
Fire-3rd Alarm,85 Hemlock Street,Brooklyn,,,,
Administration-Mutual Aid,,Brooklyn,,,,
Utility-Other,,Brooklyn,,,,
Utility-Water Main,Saint Marys Street & Southern Boulevard,Bronx,,,,
Fire-2nd Alarm,2332 University Ave,Bronx,,,,
Law Enforcement-Device,2800 Ocean Parkway,Brooklyn,,,,
Utility-Water Service Line,240-02 Northern Blvd,Queens,,,,
Law Enforcement-Explosion,,Queens,,,,
Structural-Evacuation,11-29 47th Avenue,Queens,,,,
Structural-Other,1295 Givan Avenue,Bronx,,,,
Medical-Public Health,21 Spencer Place,Brooklyn,,,,
Utility-Water Main,216 E 72 Street,Manhattan,,,,
Fire-2nd Alarm,143 West 108 Street,Manhattan,,,,
Utility-Water Main,79-43 68 Road,Queens,,,,
Fire-1st Alarm,171 West 140 Street,Manhattan,,,,
Fire-Manhole,66 Street & 16 Avenue,Brooklyn,,,,
HazMat-Solid,135-20 243 Street,Queens,,,,
Medical-Public Health,270 E 167 Street,Bronx,,,,
Fire-2nd Alarm,1434 Flatbush Avenue,Brooklyn,,,,
Medical-Public Health,32 Belmont Avenue,Brooklyn,,,,
Utility-Water Service Line,972 5th Avenue,Manhattan,,,,
Utility-Water Main,Broadway & West 125 Street,Manhattan,,,,
Medical-Other,West 39th Street & 7th Avenue,Manhattan,,,,
Fire-Manhole,Broadway & Barclay Street,Manhattan,,,,
Fire-2nd Alarm,184-13 140 Avenue,Queens,,,,
Structural-Collapse,119 North 1st Street,Brooklyn,,,,
Utility-Water Main,Dyckman Street & Payson Avenue,Manhattan,,,,
Fire-Explosion,23-58 36 Street,Queens,,,,
Rescue-High Angle,1 World Trade Center,Manhattan,,,,
Structural-Falling Debris,,Brooklyn,,,,
HazMat-High Carbon Monoxide,600 Washington Street,Manhattan,,,,
Structural-Scaffold,Broadway & Liberty Street,Manhattan,,,,
Fire-2nd Alarm,26 East 129th Street,Manhattan,,,,
Utility-Gas Service Line,168-19 43 Avenue,Queens,,,,
Utility-Gas High Pressure,Seagirt Blvd & Beach 27th Street,Queens,,,,
Fire-1st Alarm,590 Fort Washington Avenue,Manhattan,,,,
HazMat-Fuel,,Brooklyn,,,,
Marine-Other,Brooklyn Bridge & Water Street,Brooklyn,,,,
Fire-1st Alarm,234 West 31st Street,Manhattan,,,,
Structural-Scaffold,122 East 42nd Street,Manhattan,,,,
Law Enforcement-Suspicious Package,237-28 Davenport Ave,Queens,,,,
Law Enforcement-Suspicious Package,247-67 Jericho Turnpike,Queens,,,,
HazMat-High Carbon Monoxide,730 New Jersey Avenue,Brooklyn,,,,
Fire-2nd Alarm,821 East 224 Street,Bronx,,,,
Rescue-High Angle,300 Western Avenue,Staten Island,,,,
Fire-2nd Alarm,376 East 94 Street,Brooklyn,,,,
Law Enforcement-Suspicious Package,,Bronx,,,,
Utility-Water Main,West 65 Street & Amsterdam Avenue,Manhattan,,,,
Fire-Sensitive Location,274 Garfield Place,Brooklyn,,,,
Utility-Water Service Line,1650 Grand Concourse,Bronx,,,,
Structural-Tunnel,,Brooklyn,,,,
Structural-Falling Debris,147 W 120 Street,Manhattan,,,,
Structural-Stability Problem,116 Bower Court,Staten Island,,,,
Fire-2nd Alarm,3356 Seymour Avenue,Bronx,,,,
Fire-2nd Alarm,3022 Barnes Avenue,Bronx,,,,
Utility-Power Outage,w 28 street & Neptune Ave,Brooklyn,,,,
Administration-Drill,451 Clarkson Avenue,Brooklyn,,,,
Fire-Other,94-39 213th Street,Queens,,,,
Structural-Bricks,,Brooklyn,,,,
Structural-Evacuation,181 Schaefer Street,Brooklyn,,,,
Utility-Water Main,,Brooklyn,,,,
Fire-10-76 (Commercial High Rise Fire),151 West 34 Street,manhattan,,,,
Marine-Pleasure Craft Large,Houston Street & West Side Highway,Manhattan,,,,
Utility-Water Main,2299 Adam Clayton Powell Boulevard,Manhattan,,,,
Utility-Power Outage,855 Louisiana Avenue,Brooklyn,,,,
Structural-Construction Accident,Southern Blvd & East 175th Street,Bronx,,,,
Utility-Other,East 14 Street & Avenue D,Manhattan,,,,
Transportation-Train Subway,,Manhattan,,,,
HazMat-Other,494 Broadway,Manhattan,,,,
Utility-Power Outage,250 Beach 17 Street,Queens,,,,
Medical-Other,190 Lily Pond Avenue,Staten Island,,,,
Utility-Gas Service Line,30 Ocean Avenue,Queens,,,,
HazMat-High Carbon Monoxide,56 Elizabeth Street,Manhattan,,,,
Structural-Collapse,1045 Wheeler Avenue,Bronx,,,,
Fire-Commercial,525 W 120 Street,Manhattan,,,,
Structural-Partial Collapse,2 Allen Street,Manhattan,,,,
Law Enforcement-Suspicious Package,2495 Amsterdam Avenue,Manhattan,,,,
Structural-Other,190 Dyckman Street,Manhattan,,,,
Structural-Collapse,69-11 58 Road,Queens,,,,
Utility-Gas Main Rupture,85-01 24th Avenue,queens,,,,
Law Enforcement-Other,109-08 Liberty Avenue,Queens,,,,
Medical-Public Health,462 First Avenue,Manhattan,,,,
Fire-Collapse,605 E 180 Street,Bronx,,,,
Fire-Haz Mat,330 belmont avenue,Brooklyn,,,,
Transportation-Commercial Bus,Dwight Street & Coffey Street,Brooklyn,,,,
Structural-Stability Problem,33-09 37th Ave,Queens,,,,
Rescue-Confined Space,1795 Riverside Drive,Manhattan,,,,
Rescue-High Angle,350 Marconi Street,Bronx,,,,
Fire-1st Alarm,910 McDonald Avenue,Brooklyn,,,,
Utility-Water Main,1270 Broadway,Manhattan,,,,
Law Enforcement-Suspicious Package,1115 Broadway,Manhattan,,,,
HazMat-Solid,3030 Emmons Avenue,Brooklyn,,,,
Fire-1st Alarm,2486 Davidson Ave,Bronx,,,,
Fire-2nd Alarm,18-28 125 Street,Queens,,,,
HazMat-Solid,67-25 Clyde Street,Queens,,,,
Utility-Other,1135 Grassmere Ter,Queens,,,,
LawEnforcement-Suspicious Package,158 & Grand Concourse,Bronx,,,,
Law Enforcement-Suspicious Package,,Manhattan,,,,
HazMat-Chemical,491 Fletcher Place,bronx,,,,
Utility-Sewer Service,West 61 Street & Broadway,Manhattan,,,,
Fire-1st Alarm,200 East 161 St,Bronx,,,,
Fire-2nd Alarm,28-18 Mott Avenue,Queens,,,,
Transportation-Other,Avenue U & East 15 Street,Brooklyn,,,,
Fire-2nd Alarm,781 Washington Avenue,Brooklyn,,,,
Fire-2nd Alarm,1652 East 8 STreet,Brooklyn,,,,
Fire-2nd Alarm,,Brooklyn,,,,
Law Enforcement-Suspicious Package,23-02 49 Avenue,Queens,,,,
Law Enforcement-Suspicious Package,1844 Brooklyn Avenue,Brooklyn,,,,
Law Enforcement-Suspicious Package,,Brooklyn,,,,
Medical-Public Health,38 Rutgers Street,Manhattan,,,,
Law Enforcement-Other,,Brooklyn,,,,
Fire-1st Alarm,375 Bristol Street,Brooklyn,,,,
Utility-Water Main,8th Avenue & 48 Street,Brooklyn,,,,
Law Enforcement-Suspicious Package,10 Richmond Plaza,Bronx,,,,
Utility-Power Outage,440 Kent Ave,Brooklyn,,,,
Fire-10-76 (Commercial High Rise Fire),151 west 34 street,Manhattan,,,,
Utility-Water Main,Spring Street & Varick Street,Manhattan,,,,
Fire-2nd Alarm,,Brooklyn,,,,
Utility-Gas Main Rupture,7600 Shore Front Parkway,Queens,,,,
Utility-Water Main,West End Avenue & West 60 Street,Manhattan,,,,
Utility-Other,,Brooklyn,,,,
Law Enforcement-Suspicious Package,780 3 Ave,Manhattan,,,,
Administration-Other,,Brooklyn,,,,
Fire-Other,113-29 Queens Boulevard,Queens,,,,
Fire-Haz Mat,150 Essex Street,Manhattan,,,,
Transportation-Commuter Bus,East 76 Street & 5 Avenue,Manhattan,,,,
Utility-Transformer,55 Morton Street,Manhattan,,,,
Structural-Scaffold,142 West 38 Street,Manhattan,,,,
Utility-Power Outage,92 street & 1 avenue,Manhattan,,,,
Transportation-Other,,Queens,,,,
Utility-Water Main,,Queens,,,,
Structural-Construction Accident,252 East 57 Street,Manhattan,,,,
HazMat-High Carbon Monoxide,9-09 Hazen Street,Queens,,,,
Fire-Haz Mat,192 East Broadway,Manhattan,,,,
Structural-Other,11-10 Beach Channel Drive,Queens,,,,
Fire-2nd Alarm,101-27 133 Street,Queens,,,,
Law Enforcement-Suspicious Package,25-02 Astoria Boulevard,Queens,,,,
HazMat-Liquid,West 57 Street & 7 Avenue,Manhattan,,,,
Law Enforcement-Suspicious Package,East 42 Street & Vanderbilt Avenue,Manhattan,,,,
Law Enforcement-Suspicious Package,66 Meserole Avenue,Brooklyn,,,,
Fire-High Rise,170-20 130 Avenue,Queens,,,,
HazMat-High Carbon Monoxide,126-13 Merrick Blvd,Queens,,,,
Administration-1 PP Activation,1 Police Plaza,Manhattan,,,,
Structural-Falling Debris,1600 Broadway,Manhattan,,,,
Fire-Manhole,1451 West Avenue,Bronx,,,,
Fire-2nd Alarm,129 Ridge Road,Queens,,,,
Administration-Planned Event,42 Street & Broadway,Manhattan,,,,
Administration-Planned Event,30 Rockefeller Center,Manhattan,,,,
Administration-Planned Event,11 Penn Plaza,Manhattan,,,,
Administration-Planned Event,,Citywide,,,,
HazMat-Fuel,Linden Boulevard & Van Siclen Avenue,Brooklyn,,,,
Law Enforcement-Suspicious Package,1211 6 Avenue,Manhattan,,,,
Fire-3rd Alarm,109 West 112 Street,Manhattan,,,,
Fire-2nd Alarm,9 E 78 Street,Manhattan,,,,
Law Enforcement-Suspicious Package,8 Avenue & West 34 Street,Manhattan,,,,
Rescue-Confined Space,10 Columbus Circle,Manhattan,,,,
Structural-Other,5502 Avenue L,Brooklyn,,,,
Utility-Gas Service Line,340 City Island Avenue,Bronx,,,,
Structural-Falling Debris,326 W 37 Street,Manhattan,,,,
Fire-2nd Alarm,19 Street & Avenue of the Americas,Manhattan,,,,
Law Enforcement-Suspicious Package,320 East 42 Street,Manhattan,,,,
Fire-3rd Alarm,1138 Bushwick Avenue,Brooklyn,,,,
Law Enforcement-Suspicious Package,East 46 Street & 5 Avenue,Manhattan,,,,
Utility-Water Main,47-40 Davis Court,Queens,,,,
Law Enforcement-Suspicious Package,East 44th Street & 1st Avenue,Manhattan,,,,
Structural-Collapse,259 Boerum Street,Brooklyn,,,,
Utility-Water Main,65 Avenue & 171 Street,Queens,,,,
Fire-3rd Alarm,922 2 Ave,Manhattan,,,,
Utility-Water Main,Harold St & Washington Ave,Staten Island,,,,
Structural-Life Safety Violations,979 Lafayette Ave,Brooklyn,,,,
Administration-Planned Event,,Brooklyn,,,,
Administration-Planned Event,,Brooklyn,,,,
Transportation-Payload Truck,,Queens,,,,
Utility-Water Main,East 220th Street & White Plains Road,Bronx,,,,
Law Enforcement-Suspicious Package,Park Avenue South & East 29 Street,Manhattan,,,,
Structural-Evacuation,1228 Union Avenue,Bronx,,,,
Structural-Partial Collapse,,Brooklyn,,,,
Law Enforcement-Suspicious Package,,Brooklyn,,,,
Utility-Water Main,2 Avenue & East 84 Street,manhattan,,,,
Fire-3rd Alarm,3311 Decatur Avenue,Bronx,,,,
Fire-1st Alarm,143-40 Roosevelt Ave,Queens,,,,
Administration-Planned Event,,Manhattan,,,,
Law Enforcement-Suspicious Package,120 West 31 street,Manhattan,,,,
HazMat-Fuel,423 West 215 street,manhattan,,,,
Utility-Water Main,1005 Jerome Avenue,Bronx,,,,
Rescue-Confined Space,419 East 77 Street,Manhattan,,,,
Law Enforcement-Suspicious Package,West 33 Street & 7 Avenue,Manhattan,,,,
Fire-Haz Mat,2210  Bartow Avenue,Bronx,,,,
Administration-Planned Event,Central Road & Reilly Boulevard,Manhattan,,,,
Utility-Electric Feeder Cable,243 Veterans Road West,Staten Island,,,,
Structural-Demolition,264 West Street,Manhattan,,,,
Law Enforcement-Other,10 Union Square East,Manhattan,,,,
Fire-10-77 (Residential High Rise Fire),1008 St Marks Avenue,Brooklyn,,,,
Fire-1st Alarm,,Brooklyn,,,,
Law Enforcement-Other,1425 Madison Avenue,Manhattan,,,,
Fire-1st Alarm,4251 Boston Rd,Bronx,,,,
Law Enforcement-Suspicious Package,9 East 91 St,Manhattan,,,,
HazMat-Other,,Manhattan,,,,
Structural-Stability Problem,865 Greene Ave,Brooklyn,,,,
Structural-Sidewalk Shed,235 W 70 Street,Manhattan,,,,
Fire-High Rise,260 65 street,Brooklyn,,,,
Fire-10-76 (Commercial High Rise Fire),1250 6 avenue,Manhattan,,,,
Utility-Gas Main Rupture,Flatbush Ave & Shore Parkway,Brooklyn,,,,
Structural-Street Collapse,222 Amsterdam Avenue,Manhattan,,,,
Structural-Life Safety Violations,1535 vyse avenue,bronx,,,,
Law Enforcement-Haz Mat,99 10 Avenue,Manhattan,,,,
Rescue-Technical,East 83 Street & 2 Avenue,Manhattan,,,,
Fire-Other,225 Cadman Plaza East,Brooklyn,,,,
HazMat-Solid,120 west 91 street,manhattan,,,,
Fire-4th Alarm,512 W 136 Street,Manhattan,,,,
Utility-Water Main,314 Pacific Street,Brooklyn,,,,
Utility-Water Main,290 5th Avenue,Manhattan,,,,
Law Enforcement-Suspicious Package,1209 Loring AVenue,Brooklyn,,,,
Structural-Construction Accident,726 Monroe Street,Brooklyn,,,,
Law Enforcement-Suspicious Package,40 Road & Northern Blvd,Queens,,,,
Structural-Collapse,1871 Greene Avenue,Queens,,,,
Law Enforcement-Suspicious Package,,Queens,,,,
HazMat-High Carbon Monoxide,East 83 Street & Chase Ct,Brooklyn,,,,
Fire-Haz Mat,263 Prospect Avenue,Brooklyn,,,,
Law Enforcement-Suspicious Package,480 Knickerbocker Avenue,Brooklyn,,,,
Rescue-High Angle,290 Broadway,Manhattan,,,,
Fire-2nd Alarm,134-32 Jamaica Avenue,Queens,,,,
Administration-Other,,Brooklyn,,,,
Administration-Planned Event,1904 Surf Ave,Brooklyn,,,,
Fire-Haz Mat,1752 Bartow Avenue,Bronx,,,,
Fire-1st Alarm,Franklin Avenue & Fulton Street,Brooklyn,,,,
Medical-Spray/Larvaciding,,Brooklyn,,,,
Transportation-Train Subway,1 Bay Street,Staten Island,,,,
HazMat-Chemical,55 East 124 Street,Manhattan,,,,
Law Enforcement-Suspicious Package,Douglass Boulevard & West 117 Street,Manhattan,,,,
Structural-Life Safety Violations,26 Norwood Avenue,Brooklyn,,,,
Structural-Elevator,41-90 Frame Place,Queens,,,,
Structural-Elevator,56 West 11 Street,Manhattan,,,,
Law Enforcement-Suspicious Package,567 Tompkins Avenue,Staten Island,,,,
Fire-1st Alarm,846 Utica Avenue,Brooklyn,,,,
Law Enforcement-Suspicious Package,7 Avenue & West 47 Street,Manhattan,,,,
Structural-Confined Space,314 E 143 Street,Bronx,,,,
Medical-Other,4261 Throgs Neck Expressway,Bronx,,,,
Fire-10-77 (Residential High Rise Fire),2120 Madison Avenue,Manhattan,,,,
Fire-10-77 (Residential High Rise Fire),1415 Richmond Avenue,Staten Island,,,,
Structural-Stability Problem,3405 Kings Highway,Brooklyn,,,,
Transportation-Train Elevated,East New York Avenue & Williams Avenue,Brooklyn,,,,
Law Enforcement-Suspicious Package,200 Liberty St,Manhattan,,,,
Rescue-High Angle,448 Neptune Avenue,Brooklyn,,,,
Fire-Explosion,251 East 35th Street,Manhattan,,,,
Administration-Planned Event,,Brooklyn,,,,
Fire-10-77 (Residential High Rise Fire),801 Co-op City Blvd,Bronx,,,,
Structural-Falling Debris,40 West 57 Street,Manhattan,,,,
Rescue-Other,452 5th avenue,manhattan,,,,
Fire-4th Alarm,4523 Hill Avenue,Bronx,,,,
Law Enforcement-Suspicious Package,livingston street & smith street,Brooklyn,,,,
Fire-Other,42 street & 1 avenue,manhattan,,,,
Structural-Construction Accident,105 Hamilton Avenue,Staten Island,,,,
Utility-Gas Low Pressure,2093 Anthony Avenue,Bronx,,,,
Utility-Water Main,,Queens,,,,
Utility-Other,51A e 117th street,manhattan,,,,
Utility-Power Outage,Grand Concourse & 149 street,Bronx,,,,
Fire-2nd Alarm,4 E 28th Street,Manhattan,,,,
Fire-10-77 (Residential High Rise Fire),1308 Loring Avenue,Brooklyn,,,,
Utility-Other,2555 Tratman Avenue,Bronx,,,,
Transportation-Train Subway,34 street & 8 avenue,Manhattan,,,,
Utility-Gas High Pressure,8 avenue & 42 street,manhattan,,,,
Rescue-Confined Space,680 Tinton Avenue,Bronx,,,,
Fire-3rd Alarm,31-23 Crescent St,Queens,,,,
Fire-10-77 (Residential High Rise Fire),2830 Ocean Parkway,Brooklyn,,,,
Fire-5th Alarm,862 Hunts Point Ave,Bronx,,,,
Administration-Planned Notify NYC Message,,Queens,,,,
Structural-Stability Problem,300 East 5th Street,Manhattan,,,,
Law Enforcement-Suspicious Package,130 Livingston Street,Brooklyn,,,,
Transportation-Other,West 31st Street & 8th Avenue,Manhattan,,,,
Utility-Power Outage,1825 Eastchester Road,Bronx,,,,
Structural-Collapse,,Brooklyn,,,,
Fire-Collapse,224 West 137 Street,Manhattan,,,,
Utility-Water Main,18-18 Hazen Street,Queens,,,,
Structural-Partial Collapse,234 West 114th Street,Manhattan,,,,
Fire-Other,50 West 33rd Street,Manhattan,,,,
Fire-Haz Mat,440 East 53 St,Manhattan,,,,
Administration-Planned Event,,Queens,,,,
Structural-Scaffold,450 West 41st Street,Manhattan,,,,
Fire-1st Alarm,1975 Madison Avenue,Manhattan,,,,
HazMat-Liquid,Broadway & West 132 Street,Manhattan,,,,
Fire-Other,1581 Park Avenue,Manhattan,,,,
Structural-Collapse,Park Row & Frankfort Street,Manhattan,,,,
Structural-Scaffold,127 Pearl Street,Manhattan,,,,
Fire-1st Alarm,28 East 48 Street,Manhattan,,,,
Utility-Water Main,,Queens,,,,
HazMat-Other,55 Water Street,manhattan,,,,
Fire-2nd Alarm,135 Kent Ave,Brooklyn,,,,
Utility-Phone Outage,51 Chambers Street,Manhattan,,,,
Fire-Explosion,1166 6 Ave,Manhattan,,,,
Structural-Stability Problem,120 West 25th Street,manhattan,,,,
Fire-1st Alarm,1898 Fulton Street,Brooklyn,,,,
Structural-Scaffold,55 West End Avenue,Manhattan,,,,
Structural-Falling Debris,,Brooklyn,,,,
Utility-Transformer,12 Avenue & West 46 Street,Manhattan,,,,
Transportation-Train Subway,400 West 31 Street,Manhattan,,,,
Fire-1st Alarm,228 Kingdom Avenue,Staten Island,,,,
Fire-10-77 (Residential High Rise Fire),443 West 25 Street,Manhattan,,,,
Fire-Haz Mat,250 West 34 St,Manhattan,,,,
Fire-Collapse,2966 Jerome Avenue,Bronx,,,,
Fire-10-77 (Residential High Rise Fire),,Brooklyn,,,,
Utility-Other,800 Poly Place,Brooklyn,,,,
Fire-4th Alarm,214 Rockaway Parkway,Brooklyn,,,,
Structural-Scaffold,,Brooklyn,,,,
Weather-Flooding,,Bronx,,,,
Law Enforcement-Suspicious Package,2664 E 14 St,Brooklyn,,,,
Weather-Other,,Brooklyn,,,,
Structural-Construction Accident,345 Park Avenue South,Manhattan,,,,
Structural-Collapse,Prospect St & Washington St,Brooklyn,,,,
Structural-Scaffold,88 9 St,Brooklyn,,,,
Fire-1st Alarm,522 1 avenue,Manhattan,,,,
Law Enforcement-Suspicious Package,1130 Grand Concourse,Bronx,,,,
Law Enforcement-Suspicious Package,East 51 Street & Lexington Avenue,Manhattan,,,,
Law Enforcement-Device,339 Logan Street,Brooklyn,,,,
Law Enforcement-Other,65 13th Street,Brooklyn,,,,
Structural-Street Collapse,Pinson Street & Battery Road,Queens,,,,
Fire-2nd Alarm,335 Rockaway Avenue,Brooklyn,,,,
Structural-Stability Problem,41-41 24 St,Queens,,,,
Fire-Haz Mat,6 Metrotech Center,Brooklyn,,,,
Law Enforcement-Haz Mat,,Manhattan,,,,
Law Enforcement-Haz Mat,255 West 36 Street,Manhattan,,,,
Law Enforcement-Suspicious Package,,Brooklyn,,,,
HazMat-Chemical,1420 East 68 Street,Brooklyn,,,,
Utility-Other,355 Park Place,Brooklyn,,,,
Fire-Haz Mat,One New York Plaza,Manhattan,,,,
Law Enforcement-Suspicious Package,65 West 54 Street,Manhattan,,,,
Law Enforcement-Suspicious Package,,Brooklyn,,,,
Utility-Water Main,,Staten Island,,,,
Structural-Bricks,249 Thomas Boyland Street,Brooklyn,,,,
Law Enforcement-Haz Mat,147 Street & 26 Avenue,Queens,,,,
Rescue-Other,,Brooklyn,,,,
Utility-Water Main,24-50 77 Street,Queens,,,,
Rescue-High Angle,136 East 57th Street,manhattan,,,,
Structural-Other,994 Bedford Avenue,Brooklyn,,,,
Administration-Drill,,Queens,,,,
Structural-Partial Collapse,797 Flushing Avenue,Brooklyn,,,,
Utility-Power Outage,95 Avenue & 95 Street,Queens,,,,
Structural-Street Collapse,,Brooklyn,,,,
Utility-Water Main,434 Beach 54 Street,Queens,,,,
Structural-Collapse,,Staten Island,,,,
Structural-Partial Collapse,102 Greenwich Street,Manhattan,,,,
Law Enforcement-Device,89-23 168 Place,Queens,,,,
Rescue-Other,West 33 Street & 7th Avenue,Manhattan,,,,
Fire-10-76 (Commercial High Rise Fire),,Brooklyn,,,,
Utility-Gas Main Rupture,,Brooklyn,,,,
Law Enforcement-Device,31 West 70 Street,Manhattan,,,,
HazMat-Other,Coleman Square & 159th Avenue,Queens,,,,
Fire-3rd Alarm,2840 Briggs Avenue,Bronx,,,,
Fire-3rd Alarm,300 West 155 Street,Manhattan,,,,
Law Enforcement-Device,301 East 29th Street,Manhattan,,,,
Administration-1 PP Activation,,Manhattan,,,,
Structural-Construction Accident,West 67 St & Columbus Ave,Manhattan,,,,
HazMat-Liquid,102 West 75 Street,Manhattan,,,,
Fire-2nd Alarm,43-24 Judge St,Queens,,,,
Law Enforcement-Suspicious Package,92-15 Northern Boulevard,Queens,,,,
Fire-1st Alarm,04 West 58th Street,Manhattan,,,,
Fire-1st Alarm,90 Church Street,Manhattan,,,,
Transportation-Other,,Brooklyn,,,,
Fire-3rd Alarm,,Brooklyn,,,,
Fire-3rd Alarm,604 5 Ave,Manhattan,,,,
Fire-3rd Alarm,2114 Lacombe Ave,Bronx,,,,
Law Enforcement-Suspicious Package,536 Third Avenue,Manhattan,,,,
Law Enforcement-Suspicious Package,,Brooklyn,,,,
Structural-Confined Space,45-45 42nd Street,Queens,,,,
Fire-5th Alarm,205 Chestnut Ave,Staten Island,,,,
Structural-Stability Problem,63 Flushing,Brooklyn,,,,
Fire-1st Alarm,,Brooklyn,,,,
Law Enforcement-Suspicious Package,419 East 36 Street,Manhattan,,,,
Utility-Gas High Pressure,11-04 131st Street,Queens,,,,
Law Enforcement-Suspicious Package,1251 Sixth Avenue,Manhattan,,,,
Structural-Partial Collapse,87-82 Sutphin Boulevard,Queens,,,,
Fire-School,6301 Riverdale Avenue,Bronx,,,,
Transportation-Payload Truck,Staten Island Expressway,Staten Island,,,,
Law Enforcement-Suspicious Package,Park Row & Beekman Street,Manhattan,,,,
Fire-School,100 Luten Avenue,Staten Island,,,,
Utility-Water Main,,Brooklyn,,,,
Structural-Scaffold,37-47 73 St.,Queens,,,,
Law Enforcement-Suspicious Package,608 8th Avenue,Manhattan,,,,
Transportation-Train Ground Level,Arthur Kill Road at Bentley Street &  Bentley Street,Staten Island,,,,
Structural-Street Collapse,101-35 98 Street,Queens,,,,
Marine-Passenger Liner,,Queens,,,,
Utility-Gas Service Line,,Brooklyn,,,,
Fire-Manhole,51 West 129 Street,Manhattan,,,,
Structural-Street Collapse,174-44 126 Avneue,Queens,,,,
Fire-Manhole,East 57 Street & 3rd Avenue,Manhattan,,,,
HazMat-High Carbon Monoxide,20 River Terrace,Manhattan,,,,
Fire-1st Alarm,Bartlett Street & Throop Avenue,Brooklyn,,,,
Structural-Parapet,1681 jerome avenue,Bronx,,,,
Law Enforcement-Suspicious Package,,Brooklyn,,,,
Structural-Collapse,217 Main Street,Staten Island,,,,
Fire-Sensitive Location,413 East 69th Street,Manhattan,,,,
Transportation-Other,,Queens,,,,
Utility-Water Main,205 East Houston Street,Manhattan,,,,
Law Enforcement-Other,1925 Schieffelin Avenue,Bronx,,,,
Structural-Scaffold,Major Deegan Expressway at Depot Place,Bronx,,,,
Law Enforcement-Suspicious Package,East 188 Street & Washington Avenue,Bronx,,,,
Fire-10-77 (Residential High Rise Fire),849 Flushing Avenue,Brooklyn,,,,
Structural-Street Collapse,Thurston Street & 136 Avenue,Queens,,,,
Law Enforcement-Suspicious Package,88-11 Sutphin Boulevard,Queens,,,,
Law Enforcement-Other,Bowery,Brooklyn,,,,
Law Enforcement-Suspicious Package,421 Empire Blvd,Brooklyn,,,,
Transportation-Other,301 West 45 Street,Manhattan,,,,
Medical-EMS MCI (Multiple Casualty Incident),Interstate 278 EB Exit 29 B & Tillary Street,Brooklyn,,,,
HazMat-Chemical,6 Edgecombe Avenue,Manhattan,,,,
Law Enforcement-Suspicious Package,5th Avenue & East 62 Street,Manhattan,,,,
Structural-Construction Accident,45 West 29 Street,Manhattan,,,,
Utility-Gas Service Line,407 Smith Street,Brooklyn,,,,
Structural-Other,2205 Davidson Avenue,Bronx,,,,
Fire-10-76 (Commercial High Rise Fire),546 5 Avenue,Manhattan,,,,
Transportation-Train Ground Level,Archer Avenue & 143 Street,Queens,,,,
Structural-Evacuation,85 Christopher Street,Manhattan,,,,
Fire-1st Alarm,355 Bard Avenue,Staten Island,,,,
LawEnforcement-Suspicious Package,,Brooklyn,,,,
LawEnforcement-Bomb Threat,1875 East 17 Street,Brooklyn,,,,
Utility-Gas High Pressure,2739 Lawton Avenue,Bronx,,,,
Utility-Manhole,1455 Coney Island Avenue,Brooklyn,,,,
Fire-2nd Alarm,422 West 57 St,Manhattan,,,,
Utility-Gas Main Rupture,1000 Broadway,Brooklyn,,,,
LawEnforcement-Suspicious Package,542 West 22 Street,Manhattan,,,,
HazMat-High Carbon Monoxide,East 69 Street & Avenue L,Brooklyn,,,,
Fire-Haz Mat,Union Turnpike & Park Drive East,Queens,,,,
Transportation-Train Subway,Penn Station,Manhattan,,,,
Utility-Gas Service Line,2386 Stillwell Ave,Brooklyn,,,,
LawEnforcement-Report of a Bomb Threat,105 Johnson Street,Brooklyn,,,,
Rescue-Confined Space,East 42 St & FDR Drive,Manhattan,,,,
LawEnforcement-Suspicious Package,2505 Richmond Avenue,Staten Island,,,,
Administration-Drill,100 Centre Street-6/6/14,Manhattan,,,,
Fire-10-76 (Commercial High Rise),643 Park Avenue,Manhattan,,,,
Fire-Car Fire,RFK Bridge,Queens,,,,
Transportation-Train Subway,65 Street & Broadway,Queens,,,,
Structural-Collapse,743 Crown Street,Brooklyn,,,,
Fire-Explosion,33-00 47 Ave,Queens,,,,
Fire-1st Alarm,2655 Richmond Ave,Staten Island,,,,
Weather-Flooding,Mill Road & Fox Lane,Staten Island,,,,
Utility-Sink Hole,154-20 29 Avenue,Queens,,,,
Utility-Power Outage,319  W 48 St,Manhattan,,,,
Fire-Manhole,E 31 St & Park Ave South,Manhattan,,,,
Structural-Land Slide from Rain,29-01  216 Street,Queens,,,,
Fire-Haz Mat,59 West 73 Street,Manhattan,,,,
Utility-Electrical,Rockaway Parkway & Linden Boulevard,Brooklyn,,,,
Weather-Flooding,151-44 80 St.,Queens,,,,
Transportation-Disabled Train,West 34th Street & 7th Avenue,Manhattan,,,,
Fire-School,1825 Prospect Avenue,Bronx,,,,
LawEnforcement-Suspicious Package,800 Van Siclen Avenue,Brooklyn,,,,
Fire-3rd Alarm,99  Douglas Road,Staten Island,,,,
LawEnforcement-Suspicious Package,Queens General Hospital ,Queens,,,,
Utility-Odor Of Gas,East 13th Street & Avenue B,Manhattan,,,,
Fire-1st Alarm,3035 West 24th Street,Brooklyn,,,,
Utility-Gas Service Line,137-10 Croston Avenue,Queens,,,,
Weather-Rain,04/29-05/01,Citywide,,,,
HazMat-Suspicious Substance,150 55 St.,Brooklyn,,,,
Fire-Brush,300 Wild Avenue,Staten Island,,,,
LawEnforcement-Suspicious Package,112 Richmond Hill Road,Staten Island,,,,
Rescue-Technical,40 West 22 St.,Manhattan,,,,
Utility-Water Service Line,123  E.86 St.,Manhattan,,,,
Fire-5th Alarm,74-09 37 Ave,Queens,,,,
Fire-School,510 Waverly Avenue,Brooklyn,,,,
Utility-Water Main,127 West 43 St,Manhattan,,,,
HazMat-Natural Gas Leak,130-35 Merrick Blvd,Queens,,,,
HazMat-Unknown Substance,135 West 23rd St,Manhattan,,,,
Fire-1st Alarm,Giffords Lane & Brower Court,Staten Island,,,,
LawEnforcement-Suspicious Package,Gates Avenue & Wyckoff Avenue,Brooklyn,,,,
Structural-Construction Accident,9 West 56th Street,Manhattan,,,,
Utility-Gas Main Rupture,3981  Boston Road,Bronx,,,,
Structural-Bricks,93-01 Sutphin Boulevard,Queens,,,,
Fire-Brush,Western Avenue & Gulf Avenue,Staten Island,,,,
Utility-Water Condition,East 21st Street & First Ave,Manhattan,,,,
Structural-Construction Accident,434 West 34th Street,Manhattan,,,,
Transportation-Train Subway,East 59 Street & Lexington Avenue,Manhattan,,,,
Fire-Collapse,94 West 169 Street,Bronx,,,,
Utility-Gas Main Rupture,1192 Fairfax Avenue,Bronx,,,,
Fire-3rd Alarm,4324 4th Ave,Brooklyn,,,,
Marine-Pleasure Craft Medium,Cross Bay Veteran's Memorial Bridge,Queens,,,,
HazMat-Liquid,464 1 Street,Brooklyn,,,,
HazMat-High Carbon Monoxide,2252 Crotona Ave,Bronx,,,,
Fire-Sensitive Location,1504 Pitkin Ave,Brooklyn,,,,
Fire-1st Alarm,215 Lafayette Ave,Brooklyn,,,,
Administration-Planned Event,"Citywide Administration-Planned Event, 07/04/2014, July 4th Fireworks, Citywide",Citywide,,,,
Fire-1st Alarm,303 East 98th Street,Brooklyn,,,,
Fire-1st Alarm,550 1st Ave,Manhattan,,,,
Structural-Street Collapse,506 West 173 St,Manhattan,,,,
Fire-3rd Alarm,106 Pitney Ave,Staten Island,,,,
HazMat-White Substance,320 Jay Street,Brooklyn,,,,
LawEnforcement-Residence Search,1  Brighton 10 Terrace,Brooklyn,,,,
HazMat-Fuel,1598 East 49 Street,Brooklyn,,,,
HazMat-White Powder,5625 Arlington Avenue,Bronx,,,,
LawEnforcement-Suspicious Package,200 Willoughby Avenuye,Brooklyn,,,,
HazMat-High Carbon Monoxide,393 Broadway,Manhattan,,,,
Utility-Water Main,Hudson Street & Leonard Street,Manhattan,,,,
Structural-Collapse,950 Morris Ave,Bronx,,,,
Fire-4th Alarm,17 Menahan Street,Brooklyn,,,,
Structural-Sidewalk Shed,281 Audubon Ave,Manhattan,,,,
Fire-10-77 (Residential High Rise),2007  Surf Avenue,Brooklyn,,,,
Utility-Power Outage,Pelham Bay Section,Bronx,,,,
LawEnforcement-Suspicious Package,JFK Airport,Queens,,,,
Structural-Collapse,315 East 166 St.,Bronx,,,,
Structural-Parapet,1920 Osbourne Place,Bronx,,,,
Transportation-Car,37 Street & 19 Avenue,Queens,,,,
Structural-Stability Problem,2508 Broadway,Manhattan,,,,
Transportation-Bus Crash into Building,3750 Broadway,Manhattan,,,,
LawEnforcement-Suspicious Package,110 William St.,Manhattan,,,,
LawEnforcement-Suspicious Package,225 Broadway,Manhattan,,,,
HazMat-Liquid Oxygen,25-10 30 Avenue,Queens,,,,
LawEnforcement-Suspicious Vehicle,East 51st Street & 1st Avenue,Manhattan,,,,
Structural-Construction Accident,210 West 55 St.,Manhattan,,,,
LawEnforcement-Suspicious Package,Grand Concourse & East 158th Street,Bronx,,,,
Transportation-Overturned Tractor Trailer,BQE & Atlantic Avenue,Brooklyn,,,,
LawEnforcement-Suspicious Package,55 West 14th,Manhattan,,,,
Structural-Unstable Balcony,172  Norfolk Street,Manhattan,,,,
HazMat-Chemical,650 West 168 Street,Manhattan,,,,
Structural-Stability Problem,11 Sumpter St,Brooklyn,,,,
Other-Sink Hole,3906 New Utrecht Ave,Brooklyn,,,,
Fire-2nd Alarm,75 Bush Street,Brooklyn,,,,
HazMat-High Carbon Monoxide,726 49 St.,Brooklyn,,,,
Utility-Power Outage,Annadale Section ,Staten Island,,,,
HazMat-Solid,801 Franklin Ave,Brooklyn,,,,
Fire-1st Alarm,355 Bard Ave,Staten Island,,,,
Fire-3rd Alarm,2835 West 19th Street,Brooklyn,,,,
LawEnforcement-Device,97-21 126 St,Queens,,,,
LawEnforcement-Suspicious Package,42 South St,Manhattan,,,,
HazMat-Chemical,311  Bridge St,Brooklyn,,,,
LawEnforcement-Suspicious Package,W 72 St. & Central Park West,Manhattan,,,,
LawEnforcement-Suspicious Package,265 East 161 Street,Bronx,,,,
Rescue-Technical,151 East 28 street,Manhattan,,,,
Fire-10-76 (Commercial High Rise),1271  Sixth Avenue,Manhattan,,,,
LawEnforcement-Suspicious Package,960  East 12th Street,Brooklyn,,,,
Fire-3rd Alarm,103-41 120th Street,Queens,,,,
Fire-3rd Alarm,82 East Burnside Avenue,Bronx,,,,
Fire-Sensitive Location,1 Centre St.,Manhattan,,,,
HazMat-High Carbon Monoxide,39-30 59th Street,Queens,,,,
Fire-4th Alarm,23 West 76th Street,Manhattan,,,,
Utility-Manhole,Shore Road & 72 Street,Brooklyn,,,,
Utility-Power Outage,East New York Section,Brooklyn,,,,
Utility-Water Main,864 Bay Street,Staten Island,,,,
Structural-Falling Debris,115 Division Street,Manhattan,,,,
Fire-3rd Alarm,219 Canal Street,Staten Island,,,,
Fire-4th Alarm,860 Humboldt Street,Brooklyn,,,,
Fire-2nd Alarm,2580 Briggs Avenue,Bronx,,,,
Medical-EMS MCI (Multiple Casualty Incident),245  West 44 St.,Manhattan,,,,
Utility-Water Main,73 East Houston Street,Manhattan,,,,
Fire-2nd Alarm,79 St & 161 Ave,Queens,,,,
HazMat-High Carbon Monoxide,358 4th Ave,Brooklyn,,,,
Other-Over Turned Truck,Randall's Island,Manhattan,,,,
Utility-Gas Leak,106 East 116 St,Manhattan,,,,
Utility-Gas Service Disruption,2 West 120th Street,Manhattan,,,,
Utility-Gas Odor,163 Rodney St.,Brooklyn,,,,
LawEnforcement-Suspicious Package,JFK,Queens,,,,
Fire-Collapse,1646 Park Ave,Manhattan,,,,
HazMat-Marine Liquid,500 Western Avenue,Staten Island,,,,
Administration-Planned Event,165 Cadman Plaza East,Brooklyn,,,,
Transportation-School Bus,Halsey Street & Marcy Avenue,Brooklyn,,,,
Structural-Car into Building,153-01 Northern Blvd,Queens,,,,
Structural-Car into store,1454  East Avenue,Bronx,,,,
Fire-2nd Alarm,9 Schuyler Terrace,Bronx,,,,
Structural-Ice Condition,735 Magenta Street,Bronx,,,,
Rescue-High Angle,225 Broadway,Manhattan,,,,
Fire-3rd Alarm,781 East 163 St.,Bronx,,,,
Utility-Gas High Pressure,225  West 60 Street,Manhattan,,,,
Fire-Manhole,25-41 Broadway,Queens,,,,
Structural-One Vehicle Collision With Building Damage,310 East 14th Street,Manhattan,,,,
Fire-3rd Alarm,255 Canal Street,Manhattan,,,,
Fire-3rd Alarm,135 Eastern Parkway,Brooklyn,,,,
Utility-Gas High Pressure,Albee Avenue & Tenafly Place,Staten Island,,,,
Structural-Collapse,1918 Prospect Place,Brooklyn,,,,
Structural-Partial Collapse,250 Cypress Ave,Bronx,,,,
Fire-Transformer Fire,7 Ave & 34 St,Manhattan,,,,
Utility-Power Outage,Far Rockaway Section,Queens,,,,
Utility-Water Main,Jackson Street & Leonard Street,Brooklyn,,,,
Other-Sinkhole,Broadway & West 164 St,Manhattan,,,,
HazMat-High Carbon Monoxide,255 MacDougal Street,Brooklyn,,,,
Fire-1st Alarm,96-05 Queens Blvd,Queens,,,,
Fire-10-77 (Residential High Rise),333 Lafayette Ave,Brooklyn,,,,
Fire-Manhole,499 Canal St,Manhattan,,,,
Fire-3rd Alarm,131 Bennett Street,Staten Island,,,,
Utility-Water Main,Bronx River Avenue & Watson Avenue,Bronx,,,,
Fire-3rd Alarm,1700 Toppping Avenue,Bronx,,,,
Utility-Water Service Line,25 Orchard Street,Manhattan,,,,
Utility-Water Main,1568  Schenectady Avenue,Brooklyn,,,,
Transportation-Train Subway,West 31st Street & 7th Avenue,Manhattan,,,,
Utility-Damaged Sidewalk/ Exposed Wires,Mangin Street & Delancey Street,Manhattan,,,,
HazMat-Suspicious Substance,2187  Cruger Avenue,Bronx,,,,
HazMat-High CO,260 65th Street,Brooklyn,,,,
Structural-Partial Collapse,694 Burke Avenue,Bronx,,,,
HazMat-LPG Tanker,Boston Road & Conners Street,Bronx,,,,
Fire-Manhole,West 26 Street & 6th Avenue,Manhattan,,,,
LawEnforcement-Suspicious powder,265  East 161st Street,Bronx,,,,
Transportation-Train Subway,1 Grand Central Terminal,Manhattan,,,,
Fire-3rd Alarm,912 Saratoga Avenue,Brooklyn,,,,
LawEnforcement-Suspicious Package,JFK International Airport ,Queens,,,,
Fire-2nd Alarm,144-01 Sutter Avenue,Queens,,,,
Structural-Stability Problem,22 Melrose Street,Brooklyn,,,,
Utility-Gas Service Line,130-23 150 Avenue,Queens,,,,
Structural-Partial Collapse,43 Claver Place,Brooklyn,,,,
Structural-Collapse,1527 Roselle St.,Bronx,,,,
LawEnforcement-Haz Mat,2121 Eastchester Road,Bronx,,,,
Other-Henry Hudson Pkwy Flooding Condition,181 Street & Henry Hudson Parkway,Manhattan,,,,
HazMat-High Carbon Monoxide,90-50 50 Avenue,Queens,,,,
Fire-Manhole,327  Cherry St,Manhattan,,,,
Structural-Partial Collapse,246 Downes Avenue,Staten Island,,,,
HazMat-High Carbon Monoxide,21-63 45 St,Queens,,,,
Other-Elevated CO Levels,37-11 111 Street,Queens,,,,
Structural-Collapse,8708 Glenwood Road,Brooklyn,,,,
Fire-4th Alarm,1020 Dean Avenue,Bronx,,,,
Utility-Water Service Line,401 East 81 St.,Manhattan,,,,
Fire-10-77 (Residential High Rise),4555 Henry Hudson Parkway,Bronx,,,,
Structural-Stability Problem,160  West 14th Street,Manhattan,,,,
Fire-10-76 (Commercial High Rise),1182 Broadway,Manhattan,,,,
Fire-1st Alarm,161 East 69 St,Manhattan,,,,
HazMat-Fumes,128 Union Street,Brooklyn,,,,
Utility-Network Condition,Times Square Network,Manhattan,,,,
Fire-1st Alarm,West 49th Street & 7th Avenue,Manhattan,,,,
LawEnforcement-Suspicious Package,1185  Sixth Avenue,Manhattan,,,,
Other-Tree into House,232 Clawson Street,Staten Island,,,,
Utility-Steam Service Line,335 East 10 Street,Manhattan,,,,
Utility-Water Main,Linden Blvd & Pine Street,Brooklyn,,,,
Transportation-Train Subway,72nd St. & Broadway,Manhattan,,,,
Fire-arcing in electric panel,44 East 2 Street,Manhattan,,,,
Structural-Partial Collapse,2731 University Avenue,Bronx,,,,
Utility-Water Condition,East Broadway & Clinton Street,Manhattan,,,,
Utility-Water Main,42nd Street & 5th Avenue,Manhattan,,,,
Aviation-Suspicious Package,LaGuardia Airport,Queens,,,,
Utility-Water Main,312 East 198 St,Bronx,,,,
Fire-10-76 (Commercial High Rise),745 7 Ave,Manhattan,,,,
Fire-Manhole,515 W 171 St,Manhattan,,,,
Structural-Scaffold,Christopher St & Bleecker Street,Manhattan,,,,
LawEnforcement-Suspicious Package,1605 Broadway,Manhattan,,,,
Structural-Stability Problem,139  Beach 123 sSt,Queens,,,,
Fire-1st Alarm,21 St & 30th Drive,Queens,,,,
HazMat-White Powder,1251  6th Ave,Manhattan,,,,
LawEnforcement-Suspicious Package,E. Gunhill Rd & Barnes Ave,Bronx,,,,
Utility-Water Main,Targee Street & Columbus Avenue,Staten Island,,,,
Fire-Sensitive Location,105 East 42 Street,Manhattan,,,,
LawEnforcement-Suspicious Package,W 22 St & 5 Ave,Manhattan,,,,
Fire-Hospital,585 Schenectady Avenue,Brooklyn,,,,
Utility-Water Service Line,1421 Ocean Avenue,Brooklyn,,,,
Fire-2nd Alarm,101 Delaware St.,Staten Island,,,,
Fire-Sensitive Location,200 West 31 St.,Manhattan,,,,
Transportation-Train Subway,West 31 Street & Eighth Avenue,Manhattan,,,,
Structural-Demolition,39-22 29 St.,Queens,,,,
Utility-Water Main,Greenwich Street & Clarkson Street,Manhattan,,,,
Utility-Water Service Line,247 21st Street,Brooklyn,,,,
LawEnforcement-Explosion,88 Lexington Avenue,Manhattan,,,,
LawEnforcement-Suspicious Package,West 42nd Street & 7th Avenue,Manhattan,,,,
Utility-Water Main,East 127 Street & First Avenue,Manhattan,,,,
Fire-Sensitive Location,885 Thomas Boyland Street,Brooklyn,,,,
Utility-Water Main,West 103 Street & West End Avenue,Manhattan,,,,
Structural-Life Safety Violations,4461 Park Avenue,Bronx,,,,
Utility-Water Service Line,West 168th Street & Broadway,Manhattan,,,,
Utility-Water Main,1218 Hoe Ave,Bronx,,,,
Utility-Water Main,1330 5th Ave,Manhattan,,,,
Utility-Water Service Line,1050 E 230 St.,Bronx,,,,
Utility-Dielectric Fluid Leak,West 50 Street & 11 Avenue,Manhattan,,,,
Fire-2nd Alarm,69-46  Sybilla St.,Queens,,,,
Utility-Manhole,131 West 35 St.,Manhattan,,,,
Fire-2nd Alarm,1912 Osborne Place,Bronx,,,,
Utility-Manhole,504 East 88 Street,Manhattan,,,,
Utility-Manhole,356 Court St.,Brooklyn,,,,
Utility-Manhole,25 East 15th Street,Manhattan,,,,
LawEnforcement-Suspicious Package,Grand Central Station,Manhattan,,,,
Structural-Truck into Building,1970 Cedar Ave,Bronx,,,,
Structural-Stability Problem,39 20 Greenpoint Avenue,Queens,,,,
LawEnforcement-Suspicious Package,Verona Street & Van Brunt,Brooklyn,,,,
Fire-3rd Alarm,915 Hutchinson River Parkway,Bronx,,,,
Fire-2nd Alarm,315 Sutter Avenue,Brooklyn,,,,
Utility-Flooding in Con Ed Substation,200 Minthorne St,Staten Island,,,,
Structural-Stability Problem,1067 Herkimer Street,Brooklyn,,,,
Administration-Planned Event,Super Bowl 2014,Manhattan,,,,
LawEnforcement-School Lock Down,4812 9 Avenue,Brooklyn,,,,
Utility-Gas Low Pressure,18 Dover Street,Manhattan,,,,
HazMat-Fumes Court House,215  East 161 Street,Bronx,,,,
Fire-Vehicle Fire on the RFK Bridge,RFK Bridge,Manhattan,,,,
Utility-Water Main,145 West 88 St.,Manhattan,,,,
Fire-2nd Alarm,1165  Stanley Avenue,Brooklyn,,,,
LawEnforcement-Suspicious Package,67-01  110 St,Queens,,,,
LawEnforcement-Mobilization,67-01 110th Street,Queens,,,,
Utility-Water Main,Fifth Avenue & East 13 Street,Manhattan,,,,
Fire-1st Alarm,175-01  Van Wyck Expressway,Queens,,,,
Utility-Water Service Line,56 North Moore St,Manhattan,,,,
Utility-Water Condition,1112 Harding Park,Bronx,,,,
Rescue-Confined Space,Gravesend Neck Road & East 27th Street,Brooklyn,,,,
Fire-2nd Alarm,129-13 135 Place,Queens,,,,
Fire-6th Alarm,2861 Broadway,Manhattan,,,,
Fire-10-77 (Residential High Rise),761 7 Ave,Manhattan,,,,
Utility-Water Service Line,8-16 Clintonville Street,Queens,,,,
HazMat-High Carbon Monoxide,2325 Southern Boulevard,Bronx,,,,
Fire-3rd Alarm,2390 Hoffman Street,Bronx,,,,
Structural-Scaffold,1150  Park Ave,Manhattan,,,,
Utility-Water Main,,Queens,,,,
Utility-Power Outage,Bayside,Queens,,,,
Fire-Building Evacuation,400 East Fordham Road,Bronx,,,,
Utility-Power Outage,111  Livingston Street,Brooklyn,,,,
Utility-Water Service Line,2975 Independence Avenue,Bronx,,,,
Utility-Water Main,Beach 84 Street & Beach Channel Drive,Queens,,,,
Utility-Water Service Line,164 South Oxford Street,Brooklyn,,,,
Utility-Water Main,3178 Chaffee Avenue,Bronx,,,,
Utility-Water Main,2390 Second Avenue,Manhattan,,,,
Utility-Manhole,225 Lincoln Place,Brooklyn,,,,
Structural-Scaffold,256 Hooper Street,Brooklyn,,,,
Utility-Power Outage,350 West 24 Street,Manhattan,,,,
LawEnforcement-Explosion,82-72 Austin Street,Queens,,,,
Fire-1st Alarm,951 Putnam Ave,Brooklyn,,,,
Fire-Transformer,140 West 51 Street,Manhattan,,,,
HazMat-High Carbon Monoxide,240 West 74 Street,Manhattan,,,,
HazMat-White Powder,654 Madison Ave,Manhattan,,,,
Fire-Manhole,128-08 Liberty Avenue,Queens,,,,
HazMat-High Carbon Monoxide,21-31 Menahan St,Queens,,,,
Utility-Water Main,2776 East 14th Street,Brooklyn,,,,
Fire-3rd Alarm,500 West 43 Street,Manhattan,,,,
Utility-Water Main,153 West 13th Street,Manhattan,,,,
Utility-Water Main,23 Stuyvesant Street,Manhattan,,,,
HazMat-Fuel,Staten Island Expy & Richmond Avenue,Staten Island,,,,
LawEnforcement-Suspicious Package,70 West 45 Street,Manhattan,,,,
HazMat-High Carbon Monoxide,245 Grand Street,Manhattan,,,,
Aviation-Small Aircraft,Major Deegan Expressway,Bronx,,,,
Medical-Nursing Home Relocation,430 East 80 St.,Manhattan,,,,
Fire-1st Alarm,MCU Baseball Park,Brooklyn,,,,
Fire-5th Alarm,858 Meeker Avenue,Brooklyn,,,,
Fire-1st Alarm,1260 6 Ave,Manhattan,,,,
Utility-Power Outage,1252 Clay Avenue,Bronx,,,,
Fire-10-76 (Commercial High Rise),200  Park Avenue,Manhattan,,,,
Utility-Heat Outage,4451 3rd Avenue,Bronx,,,,
Fire-3rd Alarm,1228 College Avenue,Bronx,,,,
Utility-Power Outage,1720 University Avenue,Bronx,,,,
Structural-Sidewalk Shed,45 East 45 Street,Manhattan,,,,
Structural-Scaffold,401 East Tremont Avenue,Bronx,,,,
Fire-Hospital,327 Beach 19th Street,Queens,,,,
Utility-Steam Condition,East 69th Street & Madison Avenue,Manhattan,,,,
Utility-Broken Hydrant, 3rd Ave & East 117 St.,Manhattan,,,,
Fire-Manhole,213 E 66 St.,Manhattan,,,,
Fire-Explosion,Pelham Bay Park,Bronx,,,,
Utility-DOT Light Pole,968 4 Avenue,Brooklyn,,,,
Fire-Transformer Inside Of Substation,637 West 49 Street,Manhattan,,,,
Fire-Funeral Home,108-18 Sutphin Blvd,Queens,,,,
Structural-Scaffold,1320 71 St,Manhattan,,,,
Structural-Car into Building,1700 Richmond Avenue,Staten Island,,,,
LawEnforcement-Suspicious Package,622  3 AVE,Manhattan,,,,
HazMat-High Carbon Monoxide,61-11 188 st,Queens,,,,
Fire-1st Alarm,50 West 44th Street,Manhattan,,,,
Fire-10-77 (Residential High Rise),135 Richards Street,Brooklyn,,,,
Fire-1st Alarm,3260 Flatbush Avenue,Brooklyn,,,,
HazMat-High Carbon Monoxide,86th Street & 102 Avenue,Queens,,,,
LawEnforcement-Suspicious Package,50 Broadway,Manhattan,,,,
Fire-1st Alarm,914  East 96th Street,Brooklyn,,,,
LawEnforcement-Suspicious Package,Canal Street & West Broadway,Manhattan,,,,
Fire-Sensitive Location,59 West 46 Street,Manhattan,,,,
Structural-Stability Problem,1353  Myrtle Avenue,Brooklyn,,,,
Fire-10-77 (Residential High Rise),8400  Shore Front Parkway,Queens,,,,
Transportation-Amtrak Train,Penn Station ,Manhattan,,,,
LawEnforcement-Subway Track Search,Nostrand Avenue & Newkirk Avenue,Brooklyn,,,,
Rescue-Confined Space,East 107th & Roosevelt Drive,Manhattan,,,,
LawEnforcement-Suspicious Package,111 th Street & Liberty Ave,Queens,,,,
Fire-Manhole,170 William Street,Manhattan,,,,
Fire-10-77 (Residential High Rise),700  Esplanade Gardens Plaza,Manhattan,,,,
Fire-Sensitive Location,29-38  Far Rockaway Blvd,Queens,,,,
HazMat-High Carbon Monoxide,12-15 Broadway,Queens,,,,
Utility-Power Outage,Grant City/Fox Hills Area,Staten Island,,,,
Fire-Manhole,345 91 St.,Brooklyn,,,,
Other-Injured Worker,1535  Broadway,Manhattan,,,,
Structural-Bus into Building,143 East 34 Street,Manhattan,,,,
LawEnforcement-Device,209 Centre Street,Manhattan,,,,
Fire-2nd Alarm,38-20 Bowne Street,Queens,,,,
Utility-Water Main,1008 6 Ave,Manhattan,,,,
LawEnforcement-Suspicious Package,Rockaway Point Boulevard & Beach 204 Street,Queens,,,,
Utility-Gas Low Pressure,387 Grand Street,Manhattan,,,,
Fire-2nd Alarm,870 East 220 Street,Bronx,,,,
Utility-Manhole,149 North Portland Avenue,Brooklyn,,,,
LawEnforcement-Suspicious Package,11 Metrotech Center,Brooklyn,,,,
Utility-Manhole,North Portland & Myrtle Avenue,Brooklyn,,,,
LawEnforcement-Suspicious Vehicle,401 7th Avenue,Manhattan,,,,
Utility-Gas Main Rupture,101 Street & Fort Hamilton Parkway,Brooklyn,,,,
Utility-Gas High Pressure,332 Beach 148th Street,Queens,,,,
Fire-Explosion,1661 Marine Parkway,Brooklyn,,,,
LawEnforcement-Suspicious Package,185 East Broadway,Manhattan,,,,
HazMat-High Carbon Monoxide,231 East 51 Street,Manhattan,,,,
Fire-1st Alarm,160 Front St.,Manhattan,,,,
Utility-Water Main,149 Chambers St.,Manhattan,,,,
Utility-Water Main,34 Monroe Place,Brooklyn,,,,
Fire-5th Alarm,212 West 145 St,Manhattan,,,,
Fire-1st Alarm,70 Father Capodanno Blvd,Staten Island,,,,
LawEnforcement-School Evacuation,250 West 18th Street,Manhattan,,,,
Medical-Cardiac Arrest,1263  Fteley Ave,Bronx,,,,
HazMat-High Carbon Monoxide,203  Wallabout Street,Brooklyn,,,,
Other-Injured Construction Worker,60 Lott Ave,Brooklyn,,,,
Aviation-Helicopter,E 83 St & York,Manhattan,,,,
LawEnforcement-Suspicious Package,144-02 135 Avenue,Queens,,,,
Utility-Water Service Line,W 61 St & Amsterdam Ave,Manhattan,,,,
Fire-10-76 (Commercial High Rise),1535 Broadway,Manhattan,,,,
Transportation-Car,Queens Boro Plaza S & Crescent St,Queens,,,,
Utility-Water Main,E 80th Street & Farragut Road,Brooklyn,,,,
LawEnforcement-Suspicious Package,East Houston Street & Broadway,Manhattan,,,,
Fire-2nd Alarm,535 West 160th Street,Manhattan,,,,
HazMat-Liquid,Bayview Terrace & Barclay Avenue,Staten Island,,,,
Utility-Water Main,Montgomery Street & Monroe Street,Manhattan,,,,
Utility-Water Main,West 12 Street & 5 Avenue,Manhattan,,,,
LawEnforcement-Possible Bomb Threat,1 Wards Island,Manhattan,,,,
Transportation-School Bus,Atlantic Ave & Hicks St,Brooklyn,,,,
Fire-10-76 (Commercial High Rise),33 W 27 St,Manhattan,,,,
Structural-Scaffold,232 East 59 St.,Manhattan,,,,
Rescue-Confined Space,331 Park Ave,Manhattan,,,,
HazMat-High Carbon Monoxide,520 Kingston Avenue,Brooklyn,,,,
Weather-Coastal Flooding,,Citywide,,,,
HazMat-High Carbon Monoxide,194 South 8 Street,Brooklyn,,,,
Utility-Internal Steam Shutdown,Edenwald houses,Bronx,,,,
Transportation-Train Elevated,W 225 St & Marble Hill Ave,Bronx,,,,
Fire-1st Alarm,61-11 Queens Blvd,Queens,,,,
LawEnforcement-Suspicious Package,109 Freeman St.,Brooklyn,,,,
Fire-1st Alarm,Nostrand Ave & Eastern Pkwy,Brooklyn,,,,
Utility-Manhole,2382 Bathgate Ave,Bronx,,,,
Utility-Gas Low Pressure,302 East 89 Street,Manhattan,,,,
Structural-Collapse,2601 Westchester Ave,Bronx,,,,
Structural-Partial Collapse,2125 Clinton Avenue,Bronx,,,,
Fire-2nd Alarm,363 E 76 St,Manhattan,,,,
Fire-10-77 (Residential High Rise),110 East 57 Street,Manhattan,,,,
Fire-2nd Alarm,151 Gateway Drive,Staten Island,,,,
Fire-2nd Alarm,81-10 135 St.,Queens,,,,
Structural-Crane,157 West 57th Street,Manhattan,,,,
Utility-Power Outage,Tilden Loop,Brooklyn,,,,
Structural-Parapet,1190 Fulton Street,Brooklyn,,,,
Fire-3rd Alarm,625 W 138 St,Manhattan,,,,
Fire-10-77 (Residential High Rise),45 Allen Street,Manhattan,,,,
Utility-Water Main,2634 West St,Brooklyn,,,,
Fire-1st Alarm,4401 Victory Boulevard,Staten Island,,,,
Structural-Sidewalk Shed,185 Wythe Avenue,Brooklyn,,,,
Utility-Gas Outage,1185 Carroll St,Brooklyn,,,,
LawEnforcement-Suspicious Vehicle,BQE & Clermont Avenue,Brooklyn,,,,
Fire-10-77 (Residential High Rise),510   West 52nd Street,Manhattan,,,,
HazMat-Liquid,350 Beach 80 Street,Queens,,,,
Utility-Gas Odor,141 Macon Street,Brooklyn,,,,
LawEnforcement-SILVER ALERT - Susana Fischer,,Citywide,,,,
Transportation-Car,Grand Central Parkway & Jewel Avenue,Queens,,,,
Utility-Gas Main Rupture,Rockaway Beach Blvd & Beach 67th Street,Queens,,,,
Fire-4th Alarm,772  Edgewater Road,Bronx,,,,
Transportation-Train Elevated,,Queens,,,,
Fire-10-76 (Commercial High Rise),8 West 36 street,Manhattan,,,,
Fire-Brush Fire 2nd Alarm,Chisholm St & Eylandt St,Staten Island,,,,
Utility-Electric Feeder Cable,Graves End Network,Brooklyn,,,,
Utility-Power Line Down,2680 E 19 St,Brooklyn,,,,
Fire-4th Alarm,1278 ST. Nicholas Ave,Manhattan,,,,
Fire-School,510 East 141 Street,Bronx,,,,
Structural-Sidewalk Shed,255 East 88th Street,Manhattan,,,,
Structural-Scaffold,4011 Fillmore Ave,Brooklyn,,,,
Fire-1st Alarm,,Manhattan,,,,
Rescue-High Angle,269 Greene Street,Manhattan,,,,
HazMat-Liquid,Bleecker Street & Butler Avenue,Queens,,,,
Fire-School,364 Sackman Street,Brooklyn,,,,
Structural-Construction Accident,1133 York Avenue,Manhattan,,,,
Rescue-High Angle,552 West 24th Street,Manhattan,,,,
Rescue-Student locked in vault,270 East 167th Street,Bronx,,,,
LawEnforcement-Suspicious Package,,Brooklyn,,,,
Structural-Construction Accident,33 Beekman St,Manhattan,,,,
HazMat-GAS ODOR,1200 Manor Rd,Staten Island,,,,
HazMat-Chemical,82-01  101 Ave,Queens,,,,
Fire-4th Alarm,84-70 129 St,Queens,,,,
HazMat-Chemical,515 East 72 Street,Manhattan,,,,
Fire-3rd Alarm,1225 Taylor Ave,Bronx,,,,
Fire-2nd Alarm,772 Edgewater Road,Bronx,,,,
Fire-1st Alarm,1 Ave &  66 St,Manhattan,,,,
Fire-3rd Alarm,1440 Amsterdam Ave,Manhattan,,,,
Utility-Water Main,100  Hudson St,Manhattan,,,,
Structural-Construction Accident,216 Beach 81st Street,Queens,,,,
Transportation-Missing Manhole Cover,,Bronx,,,,
HazMat-Chemical,,Manhattan,,,,
Structural-Unstable Scaffolding,682 Bushwick Ave,Brooklyn,,,,
Transportation-Over Turn Truck,Fort Greene Place & Atlantic Ave,Brooklyn,,,,
Utility-Gas High Pressure,955 Waring Ave,Bronx,,,,
Utility-Downed Wire,,Queens,,,,
Utility-Water Main,162nd Street & 35th Avenue,Queens,,,,
HazMat-Fuel,455 Huguenot Avenue,Staten Island,,,,
Structural-Scaffold,,Manhattan,,,,
LawEnforcement-Suspicious Letter,28 West 39 Street,Manhattan,,,,
Fire-2nd Alarm,524 Broadway,Manhattan,,,,
Fire-10-76 (Commercial High Rise),121 Dekalb Ave,Brooklyn,,,,
Rescue-Confined Space,80 Lafayette Street,Manhattan,,,,
Utility-Electric Feeder Cable,Rego Park Network,Queens,,,,
LawEnforcement-Suspicious Package,58-65  52 Road,Queens,,,,
Structural-Street Cave-In,,Manhattan,,,,
Structural-Scaffold,147 West 40th Street,Manhattan,,,,
Utility-Manhole,Roosevelt Ave & 91 Street,Queens,,,,
Structural-Scaffold,Spring Street & Varick Street,Manhattan,,,,
LawEnforcement-Suspicious Package,West 14 Street & 8 Avenue,Manhattan,,,,
Utility-Water Service Line,1845  Broadway,Manhattan,,,,
Utility-Gas Service Line,148 West 15 St,Manhattan,,,,
HazMat-Liquid,2007 Surf Ave,Brooklyn,,,,
Fire-1st Alarm,,Queens,,,,
Fire-4th Alarm,2860 Valentine Avenue,Bronx,,,,
Fire-2nd Alarm,151 West 34 Street,Manhattan,,,,
Fire-2nd Alarm,64 West 165th Street,Bronx,,,,
Aviation-Large Aircraft,,Queens,,,,
LawEnforcement-Suspicious Package,35-01 23rd Avenue,Queens,,,,
HazMat-Aerosol,6 East 44 Street,Manhattan,,,,
Fire-3rd Alarm,1063 East 35th Street,Brooklyn,,,,
Utility-Water Main,,Bronx,,,,
Utility-Water Main,Wallace Avenue & Astor Avenue,Bronx,,,,
Rescue-Confined Space,80-30 Jamaica Ave,Queens,,,,
Rescue-High Angle,,Queens,,,,
LawEnforcement-Missing Person,1483 Bushwick Avenue,Brooklyn,,,,
HazMat-Oil Spill,485 7th Ave,Manhattan,,,,
LawEnforcement-Suspicious Package,West 44th Street & 8th Avenue,Manhattan,,,,
Fire-1st Alarm,,Queens,,,,
Weather-Wind,,Citywide,,,,
Structural-Sink Hole,210 Smith St.,Brooklyn,,,,
Structural-Falling Debris,250 West 19 Street,Manhattan,,,,
LawEnforcement-Suspicious Package,469 Fulton Street,Brooklyn,,,,
Fire-2nd Alarm,850  Hylan Blvd,Staten Island,,,,
Fire-Explosion,87-40 124th Street,Queens,,,,
LawEnforcement-Suspicious Package,2 King Street,Manhattan,,,,
Utility-Gas High Pressure,1785 Park Place,Brooklyn,,,,
Structural-Derelict Boat,Morgan Avenue & Stagg Street,Brooklyn,,,,
Structural-Sidewalk Collapse,127 Orchard Street,Manhattan,,,,
LawEnforcement-Suspicious Package,,Queens,,,,
LawEnforcement-Suspicious Package,4030 Hubbard Place,Brooklyn,,,,
Structural-Car into a Building,2022 3rd Avenue,Manhattan,,,,
Utility-Dielectric Fluid Spill,50 West 23rd Street,Manhattan,,,,
Fire-10-76 (Commercial High Rise),587 5th Ave,Manhattan,,,,
Structural-Life Safety Violations,2477 Elm Place,Bronx,,,,
Fire-High Angle Rescue,3 Park Avenue,Manhattan,,,,
Fire-2nd Alarm,1092 Blake Avenue,Brooklyn,,,,
Fire-Sensitive Location,15 E 97 St,Manhattan,,,,
Medical-Trauma,28-00  College Pt Bl,Queens,,,,
LawEnforcement-Device,401 West 23rd Street,Manhattan,,,,
Structural-Construction Accident,3 World trade Center,Manhattan,,,,
LawEnforcement-Suspicious Package,Coney Island Ave & Ave U,Brooklyn,,,,
Fire-Sensitive Location,,Manhattan,,,,
LawEnforcement-Suspicious Package,9  West 58th Street,Manhattan,,,,
Fire-Overhead wires,,Queens,,,,
Utility-Power Outage,Richmond Hill Road & Richmond Ave,Staten Island,,,,
LawEnforcement-Suspicious Package,Broadway & Wst 86th Street,Manhattan,,,,
LawEnforcement-Suspicious Package,,Manhattan,,,,
Structural-Collapse,159  2nd Avenue,Manhattan,,,,
Other-Stuck Elevator,,Manhattan,,,,
Structural-Collapse,288 16th St.,Brooklyn,,,,
LawEnforcement-Suspicious Package,East 34 Street & Madison Avenue,Manhattan,,,,
LawEnforcement-Suspicious Package,42nd Street & 2nd Avenue,Manhattan,,,,
LawEnforcement-Suspicious Package,,Brooklyn,,,,
LawEnforcement-Suspicious Vehicle,East 42 Street & 1st Avenue,Manhattan,,,,
LawEnforcement-Suspicious Package,Cedar Street & Trinity Place,Manhattan,,,,
Administration-Injured CIC,470 Clarkson Avenue,Brooklyn,,,,
Utility-Water Main,470 Clarkson Avenue,Brooklyn,,,,
LawEnforcement-Suspicious Package,111 East 48 Street,Manhattan,,,,
Utility-Broken Pipe,120 East 16th Street,Manhattan,,,,
LawEnforcement-Suspicious Package,125-01 Queens Blvd,Queens,,,,
Utility-Water Service Line,2 Cooper Square,Manhattan,,,,
LawEnforcement-Suspicious Package,45 Greenvalley Rd,Staten Island,,,,
LawEnforcement-Suspicious Package,Surf Ave & West 8th Street,Brooklyn,,,,
Transportation-Commuter Bus,Trans Manhattan Expressway & George Washington Bridge,Manhattan,,,,
Medical-Public Health,,Bronx,,,,
Utility-Water Main,,Bronx,,,,
Structural-Stability Problem,188 Avenue of Americas,Manhattan,,,,
Fire-2nd Alarm,1901 Emmons Avenue,Brooklyn,,,,
Utility-Water Main,26  Kelly Blvd,Staten Island,,,,
Structural-Crane,157 West 57th Street,Manhattan,,,,
LawEnforcement-Suspicious Package,981 Castleton Avenue,Staten Island,,,,
HazMat-Liquid,4560 Matilda Ave,Bronx,,,,
Utility-Water Service Line,271-11 76th Avenue,Queens,,,,
Rescue-High Angle,3 Park Avenue,Manhattan,,,,
HazMat-White Powder,1745 Broadway,Manhattan,,,,
HazMat-Suspicious Substance,257  East 46 street,Brooklyn,,,,
Utility-Water Main,West End Avenue & West 65 Street,Manhattan,,,,
LawEnforcement-Suspicious Package,Clove Road & Howard Ave,Staten Island,,,,
Utility-Water Main,97-15 Horace Harding Expressway,Queens,,,,
Structural-Scaffold Collapse,9 Street & Smith Street,Brooklyn,,,,
LawEnforcement-Suspicious Package,Victory Boulevard & Theresa Place,Staten Island,,,,
LawEnforcement-Suspicious Package,Henderson Avenue & Kissel Avenue,Staten Island,,,,
Utility-Water Main,Fort Hamilton Parkway & East 3rd Street,Brooklyn,,,,
LawEnforcement-Suspicious Package,West Houston Street & MacDougal Street,Manhattan,,,,
LawEnforcement-Suspicious Package,20 Broad Street,Manhattan,,,,
HazMat-High Carbon Monoxide,East 149 Street & Courtlandt Avenue,Bronx,,,,
Fire-10-76 (Commercial High Rise),219 East 44th Street,Manhattan,,,,
Utility-Water Main,West 155 Street & St Nicholas Avenue,Manhattan,,,,
Utility-Water Main,West 31 Street & 7th Avene,Manhattan,,,,
Fire-5th Alarm,78-15 68th Ave,Queens,,,,
Fire-School,35-12  35th Avenue,Queens,,,,
Transportation-Commuter Bus,Herkimer Street & Albany Avenue,Brooklyn,,,,
Utility-Gas High Pressure,White Plains Road & East 233rd Street,Bronx,,,,
Structural-Street Collapse,480 Southern Blvd,Bronx,,,,
Transportation-Train Ground Level,,Manhattan,,,,
Fire-3rd Alarm,71 Dahlgren Place,Brooklyn,,,,
Fire-1st Alarm,2124 Gravesend Neck Road,Brooklyn,,,,
Structural-Life Safety Violations,1180 Halsey Street,Brooklyn,,,,
Fire-10-76 (Commercial High Rise),317 Madison Ave,Manhattan,,,,
Utility-Water Main,West 32 Street & Broadway,Manhattan,,,,
Utility-Car Down Elevator Shaft,305 East 80 St.,Manhattan,,,,
Structural-Scaffold,East 42 Street & 1 Avenue,Manhattan,,,,
Rescue-Fall,1117 Jefferson Avenue,Brooklyn,,,,
Utility-Transformer,31-01 20th Avenue,Queens,,,,
Structural-Car Into House,37 Hampton Green,Staten Island,,,,
LawEnforcement-Suspicious Package,2795 Richmond Ave,Staten Island,,,,
Fire-10-77 (Residential High Rise),335 Bowery,Manhattan,,,,
LawEnforcement-Suspicious Device,,Staten Island,,,,
Fire-1st Alarm,,Queens,,,,
Structural-Collapse,,Manhattan,,,,
Utility-Gas High Pressure,30-29  College Point Blvd,Queens,,,,
Medical-Spray/Larvaciding,,Brooklyn,,,,
Structural-Partial Collapse,29 East 104 St.,Manhattan,,,,
Fire-2nd Alarm,375 Chauncey Street,Brooklyn,,,,
Aviation-Medium Aircraft,,Queens,,,,
Utility-Water Main,North Conduit Blvd & Rockaway Blvd,Queens,,,,
HazMat-Unknown Powder,138 Street & Archer Avenue,Queens,,,,
Fire-1st Alarm,Arthur Kill Road & Richmond Road,Staten Island,,,,
LawEnforcement-Device,1990 Lexington Avenue,Manhattan,,,,
Utility-One Phase Down,118 Avenue D,Manhattan,,,,
Structural-Life Safety Violations,1238 Hancock St.,Brooklyn,,,,
Structural-Street Collapse,151  West 34th Street,Manhattan,,,,
LawEnforcement-Suspicious Package,1210 Cortelyou Road,Brooklyn,,,,
HazMat-High Carbon Monoxide,08 West 38 Street,Manhattan,,,,
Rescue-High Angle,600 East 141 Street,Bronx,,,,
Utility-Water Service Line,430 East 80 Street,Manhattan,,,,
Rescue-Confined Space,2407  East 23rd Street,Brooklyn,,,,
Structural-Sidewalk Shed,444 Madison Avenue,Manhattan,,,,
Utility-Power Outage,315 Beach 9 Street,Queens,,,,
Utility-Electric Feeder Cable,Ocean Parkway Network,Brooklyn,,,,
Fire-10-77 (Residential High Rise),700 Lenox Avenue,Manhattan,,,,
Structural-Life Safety Violations,3 Bowen Street,Staten Island,,,,
Rescue-Water Rescue,Charles St & West St,Manhattan,,,,
Fire-2nd Alarm,333 18 Street,Brooklyn,,,,
Utility-Power Outage,Northeast Bronx,Bronx,,,,
Structural-Sidewalk Shed,990 6 Avenue,Manhattan,,,,
Fire-1st Alarm,,Manhattan,,,,
Fire-10-76 (Commercial High Rise),10 East 40 Street,Manhattan,,,,
LawEnforcement-Suspicious Package,Stanhope Street & St. Nicholas Avenue,Brooklyn,,,,
Medical-Spray/Larvaciding,Union Turnpike & 195 Place,Queens,,,,
Medical-Spray/Larvaciding,86 Street & 11 Avenue,Brooklyn,,,,
Utility-Water Main,66 Boerum Place,Brooklyn,,,,
Structural-Stability Problem,567 St John's Place,Brooklyn,,,,
Transportation-Train Subway,LIRR- Penn Station ,Manhattan,,,,
Utility-Water Main,Bruckner Blvd & East 141 Street,Bronx,,,,
Fire-Sensitive Location,133 East 29 St.,Manhattan,,,,
LawEnforcement-Report of Police Officer Shot,633 Halsey St.,Brooklyn,,,,
Structural-Partial Collapse,2614 Jerome Ave,Bronx,,,,
Fire-Vehicle Fire,Queensboro Bridge,Manhattan,,,,
Fire-3rd Alarm,449 Troutman Street,Brooklyn,,,,
Transportation-Tanker Truck,George Washington Bridge,Manhattan,,,,
Fire-3rd Alarm,4299 Katonah Avenue,Bronx,,,,
Structural-Roller Coaster Accident,West 12th Street & Boardwalk,Brooklyn,,,,
HazMat-High Carbon Monoxide,23-24 31st Drive,Queens,,,,
Fire-10-76 (Commercial High Rise),121 Varick Street,Manhattan,,,,
LawEnforcement-Suspicious Package,230 West 20Th Street,Manhattan,,,,
LawEnforcement-Suspicious Package,West 116th Street & 7th Ave,Manhattan,,,,
Structural-Overturned Excavator,30 W. 46th Street,Manhattan,,,,
Fire-Fire in a Hotel,335 Bowery,Manhattan,,,,
Medical-Spray/Larvaciding,58th Avenue & 188th Street,Queens,,,,
Other-DOB Vacate,140  Hester St,Manhattan,,,,
Medical-Spray/Larvaciding,Forest Avenue & Castleton Avenue,Staten Island,,,,
Structural-Car Into a Building,3477 Boston Road,Bronx,,,,
LawEnforcement-Haz Mat,240 Page Ave,Staten Island,,,,
Rescue-Confined Space,Bowery & Canal Street,Manhattan,,,,
Transportation-Roll Off Container Truck,West 140th & Broadway,Manhattan,,,,
HazMat-White Powder Substance,East 97th Street & 1st Avenue,Manhattan,,,,
LawEnforcement-Suspicious Package,14 Bedford St,Manhattan,,,,
Structural-Construction Accident,Church Street & Liberty Street,Manhattan,,,,
Structural-Truck with Crane Struck Overpass,Westbound Long Island Expressway & Springfield Blvd Overpass,Queens,,,,
Utility-Oil Feeder,199 Ryerson Street,Brooklyn,,,,
Fire-Sensitive Location,West 50th Street & Broadway,Manhattan,,,,
Fire-Manhole,86-50 127th Street,Queens,,,,
Utility-Electric Overhead,Northern Boulevard & College Point Boulevard,Queens,,,,
LawEnforcement-Suspicious Package,Penn Station,Manhattan,,,,
LawEnforcement-Suspicious Package,340 Lewis Avenue,Brooklyn,,,,
Rescue-Technical,East 95 Street & 2 Avenue,Manhattan,,,,
Utility-Power Outage,84 Lamport Blvd,Staten Island,,,,
Rescue-Technical,184 Joralemon Street,Brooklyn,,,,
Structural-Sidewalk Collapse,3204 Park Ave,Bronx,,,,
LawEnforcement-Suspicious Package,Broadway & Wall Street,Manhattan,,,,
Fire-2nd Alarm,459 Myrtle Avenue,Brooklyn,,,,
Transportation-Commuter Bus,DeKalb Ave & Tompkins Ave,Brooklyn,,,,
Aviation-Passenger Aircraft,LaGuardia Airport,Queens,,,,
HazMat-Powder,200 Vesey Street,Manhattan,,,,
Fire-5th Alarm,520 West 139 St,Manhattan,,,,
Utility-Power Outage,1780 Grand Concourse,Bronx,,,,
Utility-Power Outage,2601 Ocean Parkway,Brooklyn,,,,
Utility-Power Outage,721 Tinton Avenue,Bronx,,,,
Transportation-Freight Train,Spuyten Duyvil Train Station,Bronx,,,,
Utility-Power Outage,Woodrow Area,Staten Island,,,,
LawEnforcement-Suspicious Package,365 5 Ave,Manhattan,,,,
Fire-1st Alarm,83 Elizabeth St,Manhattan,,,,
Utility-Electric Feeder Cable,25 Pine Street,Manhattan,,,,
Utility-Electric Feeder Cable,Clinton Street & Union Street,Brooklyn,,,,
Fire-3rd Alarm,188 South 3rd Street,Brooklyn,,,,
Transportation-Delay in Commuter Service,West 34th Street & 8th Avenue- NY Penn Station,Manhattan,,,,
Fire-Manhole,1 Centre St.,Manhattan,,,,
Rescue-Water,20 Rewe Street,Brooklyn,,,,
Fire-5th Alarm,1507 Commonwealth Avenue,Bronx,,,,
Fire-Turbine,2nd Avenue & 29th Street,Brooklyn,,,,
Fire-2nd Alarm,788  Lexington Ave,Manhattan,,,,
Fire-Electrical,103rd Street & Roosevelt Avenue,Queens,,,,
Utility-Power Outage,100 Lamport Blvd,Staten Island,,,,
Fire-1st Alarm,194 Broadway,Manhattan,,,,
Utility-HVAC System,140  Beach 113 Street,Queens,,,,
Utility-Air Conditioner,Harlem Hospital,Manhattan,,,,
Fire-Manhole,West 87th Street & Central Park West,Manhattan,,,,
LawEnforcement-Suspicious Vehicle,West 76th Street & Central Park West,Manhattan,,,,
Transportation-Tree Across Track,9th Avenue & 38th Street,Brooklyn,,,,
Fire-Commercial,151 West 34 Street,Manhattan,,,,
Fire-Collapse,17 Pike Street,Manhattan,,,,
Rescue-Confined Space,26 Central Avenue,Staten Island,,,,
Structural-Sinkhole,Lexington Avenue & E. 70th Street,Manhattan,,,,
LawEnforcement-Suspicious Package,Broadway & Pine Street,Manhattan,,,,
Fire-3rd Alarm,1280 Randall Avenue,Bronx,,,,
Structural-Bricks,470 Park Avenue South,Manhattan,,,,
Fire-3rd Alarm,3840 Orloff Avenue,Bronx,,,,
Utility-Power Outage,Rosebank Section,Staten Island,,,,
Utility-Water Main,26 Madison Street,Manhattan,,,,
Utility-Power Outage,Wakefield Section,Bronx,,,,
Utility-Gas Service Line,218 West 147 Street,Manhattan,,,,
Rescue-Technical,Governors Island,Manhattan,,,,
Structural-Partial Collapse,120 Riverside Drive,Manhattan,,,,
Fire-10-77 (Residential High Rise),1535 University Avenue,Bronx,,,,
Fire-Metro North Train on Fire,East Tremont Ave & Park Ave,Bronx,,,,
Fire-3rd Alarm,125 Lake  Avenue,Staten Island,,,,
Structural-Sidewalk Shed,West 165th Street & Broadway,Manhattan,,,,
LawEnforcement-Suspicious Package,28-34 49th Street,Queens,,,,
LawEnforcement-White Powder,900 Fteley AVe,Bronx,,,,
Structural-Stability Problem,1000 Surf Ave,Brooklyn,,,,
Utility-Water Main,55 East Houston Street,Manhattan,,,,
Fire-10-76 (Commercial High Rise),22 Cortlandt St,Manhattan,,,,
Utility-Gas Service Line,1047 Amsterdam Avenue,Manhattan,,,,
HazMat-Chemical,300 Western Avenue,Staten Island,,,,
HazMat-Liquid,23rd Street & 3rd Avenue,Brooklyn,,,,
LawEnforcement-Suspicious Package,West 172 Street & Fort Washington Avenue,Manhattan,,,,
LawEnforcement-Suspicious Package,19 Varick St,Manhattan,,,,
LawEnforcement-Suspicious Package,Murray St & West St,Manhattan,,,,
Aviation-Helicopter,West 79th Street Boat Basin & Boat Basin,Manhattan,,,,
HazMat-High Carbon Monoxide,560 Blake Avenue,Brooklyn,,,,
LawEnforcement-Suspicious Package,138 West 30 St,Manhattan,,,,
Rescue-Confined Space,181-14 Kildare Road,Queens,,,,
Administration-Drill,123-01 Roosevelt Ave,Queens,,,,
LawEnforcement-Suspicious Package,W 42 St & 8 Ave,Manhattan,,,,
Structural-Partial Collapse,337 Lenox Road,Brooklyn,,,,
HazMat-High Carbon Monoxide,3049 Ocean Parkway,Brooklyn,,,,
Administration-Drill,West 129 Street & Broadway,Manhattan,,,,
Fire-Manhole,1378 Clinton Avenue,Bronx,,,,
Utility-Network Condition,Flatbush/Brighton Beach Network,Brooklyn,,,,
Structural-Street Collapse,Stuyvesant Place & Hamilton Avenue,Staten Island,,,,
Fire-1st Alarm,38-54 Vernon Blvd,Queens,,,,
Structural-Collapse,89 Hanson Place,Brooklyn,,,,
Utility-Water Main,150 55th Street,Brooklyn,,,,
Fire-1st Alarm,423 East 23rd Street,Manhattan,,,,
Structural-Scaffold,1165 Park Ave,Manhattan,,,,
Administration-Planned Event,LaGuardia Airport Exercise ,Queens,,,,
Marine-Overturned Boat,Pike Slip & South Street,Manhattan,,,,
Structural-Cracks,4151 Broadway,Manhattan,,,,
Fire-Sensitive Location,West 181 Street & Fort Washington Avenue,Manhattan,,,,
Structural-Stability Problem,32  Milbank Road,Staten Island,,,,
Utility-Sink Hole,278  43 Street,Brooklyn,,,,
Transportation-Car,2nd Avenue & E. 4th Street,Manhattan,,,,
Rescue-Trench Rescue,119-02 83 Ave,Queens,,,,
Transportation-Train Ground Level,Penn Station,Manhattan,,,,
Utility-Water Main,Bay Street & St John's Avenue,Staten Island,,,,
Utility-Water Main,153  West 85 St.,Manhattan,,,,
Structural-Stability Problem,245 Marion Street,Brooklyn,,,,
Structural-Street Collapse,611 W 247 St,Bronx,,,,
Utility-Water Condition,900 Intervale Avenue,Bronx,,,,
HazMat-High Carbon Monoxide,1-20 Astoria Blvd,Queens,,,,
LawEnforcement-Suspicious Package,5th Avenue & Carroll Street,Brooklyn,,,,
Rescue-High Angle,300 West 57 St.,Manhattan,,,,
Fire-Collapse,5-18 50 Ave,Queens,,,,
Structural-Vehicle into building,839 Prospect Avenue,Bronx,,,,
Structural-Collapse,146 Wyckoff Avenue,Brooklyn,,,,
Fire-10-76 (Commercial High Rise),919 3rd Avenue,Manhattan,,,,
LawEnforcement-Suspicious Package,1751 East 19th Street,Brooklyn,,,,
LawEnforcement-Suspicious Package,9 Metrotech Center,Brooklyn,,,,
Structural-Stability Problem,480 59th Street,Brooklyn,,,,
Structural-Collapse,81 Cabrini Blvd,Manhattan,,,,
Structural-Stability Problem,189-19 Jamaica Avenue,Queens,,,,
LawEnforcement-Suspicious Package,10-27  51 Ave,Queens,,,,
Fire-Manhole,Sedgwick Avenue & West 179 Street,Bronx,,,,
Fire-School,209 York Street,Brooklyn,,,,
Utility-Water Main,Faile Street & East Bay Avenue,Bronx,,,,
Fire-2nd Alarm,511 Lexington Ave,Manhattan,,,,
Structural-Street Collapse,Atlantic Avenue & Nostrand Avenue,Brooklyn,,,,
LawEnforcement-Suspicious Powder,927  Castleton Avenue,Staten Island,,,,
Structural-Street Collapse,5 Ave & 18 St,Brooklyn,,,,
Fire-Manhole,254  Park Ave South,Manhattan,,,,
Structural-Bricks,414 Lenox Avenue,Manhattan,,,,
Fire-3rd Alarm,66 West Gun Hill Road,Bronx,,,,
Utility-Water Main,524 East 240 St,Bronx,,,,
Utility-Power Outage,Breukelen Houses - NYCHA,Brooklyn,,,,
LawEnforcement-Suspicious Package,Madison Avenue & East 79th Street,Manhattan,,,,
LawEnforcement-Suspicious Package,East 96th Street & 3rd Avenue,Manhattan,,,,
Fire-Haz Mat,1180 Tinton Ave,Bronx,,,,
LawEnforcement-Suspicious Substance,290 Broadway,Manhattan,,,,
LawEnforcement-Suspicious Substance,1 Centre Street,Manhattan,,,,
Utility-Power Outage,Rockaway Park,Queens,,,,
HazMat-Ammonia leak,59-02 Borden Ave,Queens,,,,
Transportation-Train Subway,West 123 Street & Broadway,Manhattan,,,,
Fire-Sensitive Location,Vernon Boulevard & 38 Avenue,Queens,,,,
Fire-2nd Alarm,162-39 84 St.,Queens,,,,
Structural-Crane,500 East 30th Street,Manhattan,,,,
LawEnforcement-Suspicious Package,244  W 42 St,Manhattan,,,,
LawEnforcement-Suspicious Vehicle,Brooklyn Bridge,Brooklyn,,,,
LawEnforcement-Suspicious Package,11 East 51 Street,Manhattan,,,,
Structural-Stability Problem,34 North 7th Street,Brooklyn,,,,
LawEnforcement-Suspicious Package,100 Gold St.,Manhattan,,,,
Structural-Sinkhole,5 University Place,Manhattan,,,,
Fire-Con Ed Feeder Cables on Fire,Ed Koch Bridge Feeder Cable Fire,Manhattan,,,,
HazMat-Solid,1771 Popham Avenue,Bronx,,,,
Structural-Scaffold,249 W. 34th Street,Manhattan,,,,
HazMat-School Evacuation Due to Release of Mace,1925       Stuart Street,Brooklyn,,,,
HazMat-Chemical,329 Greenpoint Avenue,Brooklyn,,,,
Utility-Downed Utility Pole,100  Beach 131 Street,Queens,,,,
Structural-Scaffold,308 Bleecker Street,Manhattan,,,,
Utility-Power Outage,,Staten Island,,,,
Structural-Confined Space,150  Charles St,Manhattan,,,,
LawEnforcement-Suspicious Package,3000 Avenue X,Brooklyn,,,,
Medical-EMS MCI (Multiple Casualty Incident),East 5 St & C ave,Brooklyn,,,,
Fire-10-76 (Commercial High Rise),309  Madison Ave,Manhattan,,,,
LawEnforcement-Bomb Threat,28-01 41 Avenue,Queens,,,,
Fire-1st Alarm,136 East 76 Street,Manhattan,,,,
Structural-Collapse,557  McDonald Avenue,Brooklyn,,,,
LawEnforcement-Suspicious Package,118-10 Queens Blvd,Queens,,,,
Rescue-High Angle,330 West 30 St.,Manhattan,,,,
Fire-1st Alarm,156-09  113th Avenue,Queens,,,,
HazMat-Paint fumes,28 Washington Street,Manhattan,,,,
Marine-Commuter,West Side of Pier A,Manhattan,,,,
Fire-School,200 Nedra Lane,Staten Island,,,,
LawEnforcement-Suspicious Package,East Houston Street & Crosby Street,Manhattan,,,,
LawEnforcement-Suspicious Package,44  Wall Street,Manhattan,,,,
HazMat-High Carbon Monoxide,155 East 31st Street,Manhattan,,,,
Utility-Electric Feeder Cable,Greeley Square Network,Manhattan,,,,
Structural-Trees Down on Building,375 South End Ave,Manhattan,,,,
Structural-Collapse,2114 Fulton St.,Brooklyn,,,,
LawEnforcement-Suspicious Package,Cross Bay Blvd & Liberty Ave,Queens,,,,
Rescue-Confined Space,235 E 82nd Street,Manhattan,,,,
Fire-10-77 (Residential High Rise),67 Wall Street,Manhattan,,,,
Utility-Transformer,110 West 25 St.,Manhattan,,,,
Structural-Collapse,33 Iona Street,Staten Island,,,,
Weather-Flooding,Belt Parkway & 225th Street,Queens,,,,
Structural-Construction Accident,,Manhattan,,,,
LawEnforcement-Suspicious Package,152 Stuyvesant Place,Staten Island,,,,
Fire-Haz Mat,672 56th Street,Brooklyn,,,,
HazMat-Solid,225 Cadman Plaza East,Brooklyn,,,,
HazMat-fluorescent Bulb,301  W 140 St,Manhattan,,,,
Structural-Car VS Building,15 Tanglewood Dr,Staten Island,,,,
Structural-Construction Accident,Belt Parkway & Rockaway Parkway,Brooklyn,,,,
LawEnforcement-Suspicious Package,E. 42nd Street & Park Avenue,Manhattan,,,,
Fire-1st Alarm,121 St & Atlantic Avenue,Queens,,,,
Fire-1st Alarm,Vanwyck Expressway & Atlantic Avenue,Queens,,,,
Utility-Power Outage,Booklyn Navy Yard,Manhattan,,,,
Structural-Falling Debris,Cross Bronx Expressway & Major Deegan Expressway,Bronx,,,,
HazMat-Solid,16 Ericsson Place,Manhattan,,,,
LawEnforcement-Device,2380 East Tremont Ave,Bronx,,,,
LawEnforcement-Suspicious Package,1 Pennsylvania Plaza,Manhattan,,,,
Fire-5th Alarm,685 East 225 St.,Bronx,,,,
Structural-Street Collapse,12th Street & 5th Avenue,Brooklyn,,,,
Structural-Crane,157 West 57 St.,Manhattan,,,,
LawEnforcement-Suspicious Package,2556 Shell Road,Brooklyn,,,,
LawEnforcement-Suspicious Package,Waterbury St & Grand St,Brooklyn,,,,
LawEnforcement-Suspicious Package,14 Washington Place,Manhattan,,,,
Structural-Stability Problem,10 East 20th Street,Manhattan,,,,
Fire-3rd Alarm,618 Lexington Ave,Brooklyn,,,,
LawEnforcement-Suspicious Package,Port Authority Bus Terminal,Manhattan,,,,
Structural-Confined Space,61 Broadway,Manhattan,,,,
Rescue-High Angle,Empire State Bldg,Manhattan,,,,
LawEnforcement-Suspicious Package,Nostrand Avenue & Atlantic Avenue,Brooklyn,,,,
LawEnforcement-Suspicious Vehicle,2490 P Avenue,Brooklyn,,,,
LawEnforcement-Suspicious Package,2415 Glenwood Road,Brooklyn,,,,
Rescue-Confined Space,113  Kenilworth Place,Brooklyn,,,,
Fire-Brush,Crossbay Blvd & West 10th Road,Queens,,,,
Structural-Partial Collapse,31-19 30th Avenue,Queens,,,,
LawEnforcement-Suspicious Package,Church Street & Worth Street,Manhattan,,,,
HazMat-Suspicious White Powder,1 Brookdale Plaza,Brooklyn,,,,
LawEnforcement-Suspicious Package,JFK,Queens,,,,
Utility-Water Main,2383 Ryer Ave,Bronx,,,,
LawEnforcement-Suspicious Package,E. 96th Street & 3rd Avenue,Manhattan,,,,
LawEnforcement-Suspicious Package,231 Flatbush Avenue,Brooklyn,,,,
LawEnforcement-Suspicious Package,158 E 90 Street,Manhattan,,,,
LawEnforcement-Suspicious Package,West 116 Street & Broadway,Manhattan,,,,
LawEnforcement-Suspicious Package,Woodstock Avenue & Victory Blvd,Staten Island,,,,
LawEnforcement-Suspicious Package,Glenwood Road & Rockaway Parkway,Brooklyn,,,,
Fire-10-77 (Residential High Rise),1335 6 Ave,Manhattan,,,,
LawEnforcement-Suspicious Package,390 Park Ave.,Manhattan,,,,
LawEnforcement-Suspicious Package,Montague Street & Court Street,Brooklyn,,,,
LawEnforcement-Suspicious Package,West 42nd Street & 8th Avenue,Manhattan,,,,
LawEnforcement-Device,1718 Tenbroeck Avenue,Bronx,,,,
Fire-1st Alarm,29  Fort Greene Pl,Brooklyn,,,,
Other-Transformer Expolsion,2101 New England Thruway,Bronx,,,,
LawEnforcement-Suspicious Package,534 68 St,Brooklyn,,,,
Structural-Scaffold,West 48 St & 5th Ave,Manhattan,,,,
Structural-Stability Problem,28 Ave B,Manhattan,,,,
Fire-10-76 (Commercial High Rise),130-30 28th Avenue,Queens,,,,
LawEnforcement-Suspicious Package,LaGuardia Airport,Queens,,,,
Structural-Construction Accident,206 Garfield Place,Brooklyn,,,,
Utility-Power Outage,455 Madison Avenue,Manhattan,,,,
Rescue-Technical,West 31 Street & 9 Avenue,Manhattan,,,,
Utility-Water Main,455 Madison Ave.,Manhattan,,,,
Fire-3rd Alarm,225 East 149 Street,Bronx,,,,
Structural-Collapse,78-19 Jamaica Ave,Queens,,,,
Fire-3rd Alarm,169  Pulaski St,Brooklyn,,,,
LawEnforcement-Suspicious Package,Broadway & Vesey Street,Manhattan,,,,
Utility-Power Outage,Rockaway,Queens,,,,
Fire-Truck Fire,Edward I. Koch Bridge,Manhattan,,,,
Fire-3rd Alarm,2254 Cedar Ave,Bronx,,,,
Utility-Power Outage,2850 West 24 St.,Brooklyn,,,,
Structural-Construction Accident,404 Park Avenue South,Manhattan,,,,
Structural-Collapse,91-31 Queens Blvd,Queens,,,,
Fire-2nd Alarm,1073  East 27 Street,Brooklyn,,,,
Utility-Water Main,3rd Ave & East 23rd Street,Manhattan,,,,
Structural-Stability Problem,74-16 Beach Channel,Queens,,,,
Utility-Gas Service Line,150-66 Goethals Avenue,Queens,,,,
Fire-1st Alarm,169-03 65th Avenue,Queens,,,,
Structural-Scaffold,Utica Avenue & Church Avenue,Brooklyn,,,,
HazMat-white powder,423  E 23 St,Manhattan,,,,
Structural-Structural Integrity,565 West 181 St.,Manhattan,,,,
LawEnforcement-Suspicious Package,2024 Jerome Ave.,Bronx,,,,
Administration-Planned Event,Mets Opening Day - CitiField,Queens,,,,
LawEnforcement-Suspicious Package,East 40 Street & 3rd Avenue,Manhattan,,,,
HazMat-Fuel,2nd Avenue & 36th Street,Brooklyn,,,,
Utility-Gas High Pressure,329  George Street,Staten Island,,,,
Utility-Water Main,255 Columbia St.,Brooklyn,,,,
Fire-1st Alarm,156 West 15th Street,Manhattan,,,,
LawEnforcement-Suspicious Package,448 W. 16th Street,Manhattan,,,,
Utility-Water Main,E 26 Street & Lexington Ave,Manhattan,,,,
Utility-Water Main,Fulton Street & Flatbush Avenue,Brooklyn,,,,
Structural-Partial Collapse,877 East 95th Street,Brooklyn,,,,
Transportation-Roadway Condition,Long Island Expressway & Utopia Parkway,Queens,,,,
HazMat-Liquid,Flatbush Avenue & Belt Parkway,Brooklyn,,,,
Rescue-Confined Space,E 59 St & Lexington Ave,Manhattan,,,,
LawEnforcement-Suspicious Package,477 Irving Avenue,Brooklyn,,,,
Rescue-Confined Space,East 95 Street & 2 Avenue,Manhattan,,,,
Structural-Falling Debris,1 World Trade Center,Manhattan,,,,
Utility-Steam Main,1000 5 Ave,Manhattan,,,,
Transportation-Truck Stuck in Tunnel,East 40 St & Park Ave,Manhattan,,,,
Rescue-Confined Space,400 Park Avenue South,Manhattan,,,,
LawEnforcement-Suspicious Package,Continentl Ave & Queens Blvd,Queens,,,,
Fire-3rd Alarm,140 Fulton Street,Manhattan,,,,
LawEnforcement-Suspicious Package,132 West 65 St.,Manhattan,,,,
Fire-4th Alarm,138  Fulton St,Manhattan,,,,
LawEnforcement-Suspicious Package,East 125th Street & Lexington Avenue,Manhattan,,,,
Structural-Stability Problem,671 Morris Park Avenue,Bronx,,,,
Fire-10-77 (Residential High Rise),780 Concourse Village West,Bronx,,,,
Utility-Electric Feeder Cable,Governors Island,Manhattan,,,,
Utility-Gas Service Line,150 East 30th Street,Manhattan,,,,
HazMat-Chemical Odor,4525 Manhattan College Parkway,Bronx,,,,
Fire-1st Alarm,700 8 Avenue,Manhattan,,,,
LawEnforcement-Suspicious Package,40 Wall Street,Manhattan,,,,
HazMat-Fuel,5th Avenue & E. 37th Street,Manhattan,,,,
Structural-Life Safety Violations,133-36 Sanford Ave,Queens,,,,
Utility-Water Main,120  West 57th Street,Manhattan,,,,
LawEnforcement-Device,3457 Eastchester Road,Bronx,,,,
Fire-10-77 (Residential High Rise),36 Central PArk South,Manhattan,,,,
Marine-Dolphin in the Water,E. 96th Street & FDR Drive,Manhattan,,,,
HazMat-Fuel Oil Spill,234 East 29 Street,Manhattan,,,,
LawEnforcement-Suspicious Package,Trinity Place & Liberty Street,Manhattan,,,,
Utility-Gas Service Line,921 East 229th Street,Bronx,,,,
Fire-3rd Alarm,2156 Cortelyou Rd,Brooklyn,,,,
Fire-2nd Alarm,1763  2 Ave,Manhattan,,,,
Utility-Water Main,73 Warren St,Manhattan,,,,
Utility-Leaning Light Tower,Gun Hill Road & New England Thruway,Bronx,,,,
Structural-Life Safety Violations,81 Bowery,Manhattan,,,,
Fire-2nd Alarm,78 St & 159 Ave,Queens,,,,
LawEnforcement-Device,82-33 Queens Boulevard,Queens,,,,
Fire-2nd Alarm,2090 Valentine Avenue,Bronx,,,,
Rescue-Confined Space,West 3 Street & Mercer Street,Manhattan,,,,
Fire-1st Alarm,78-80  82 St,Queens,,,,
Administration-Watch Commander In Hospital,165 Cadman Plaza East,Brooklyn,,,,
Utility-Gas Service Line,1425 Madison Avenue,Manhattan,,,,
Structural-Life Safety Violations,115-70 Dunkirk Street,Queens,,,,
Structural-Partial Collapse,650 Greene Ave.,Brooklyn,,,,
HazMat-Liquid,79-02 Woodside Avenue,Queens,,,,
Utility-Gas High Pressure,Rockaway Beach Boulevard & Beach 120th Street,Queens,,,,
Utility-Water Main,33 Franklin Avenue,Brooklyn,,,,
Fire-2nd Alarm,95-06 116 Street,Queens,,,,
Utility-Manhole,4224 12th Avenue,Brooklyn,,,,
Utility-Power Outage,1 World Trade Center,Manhattan,,,,
Structural-Collapse,400 Lorimer St,Brooklyn,,,,
Structural-Construction Accident,1 World Trade Center,Manhattan,,,,
Structural-Falling Debris,Church St & Cortlandt St,Manhattan,,,,
Structural-Stability Problem,336 Ellery Street,Brooklyn,,,,
HazMat-Solid,94 Flatbush Avenue,Brooklyn,,,,
Structural-Construction Accident,Chambers Street & Church Street,Manhattan,,,,
Structural-Life Safety Violations,6-55 Hicksville Road,Queens,,,,
Structural-Scaffold,West 60 Street & West End Avenue,Manhattan,,,,
Transportation-Car,West 34 Street & 11 Avenue,Manhattan,,,,
HazMat-High Carbon Monoxide,2-45 Beach 79 St.,Queens,,,,
Fire-4th Alarm,200 Willoughby Avenue,Brooklyn,,,,
Structural-Life Safety Violations,727 Knickerbocker Ave,Brooklyn,,,,
Fire-4th Alarm,349 Ridgewood Ave.,Brooklyn,,,,
Fire-School,223 Graham Avenue,Brooklyn,,,,
LawEnforcement-Suspicious Package,West 40 St & 9 Ave,Manhattan,,,,
Fire-Manhole,210 East 64th Street,Manhattan,,,,
Fire-Manhole,40 Road & Main Street,Queens,,,,
Fire-Manhole,30-83 Crescent Street,Queens,,,,
Fire-Smoke Condition,1 World Trade Center,Manhattan,,,,
Utility-Power Outage,2H FarRockaway Substation,Queens,,,,
LawEnforcement-Device,64-28 65 Lane,Queens,,,,
Utility-Unsafe Power Source,Northern Boulevard & Clearview Expressway,Queens,,,,
Utility-Water Main,208 East 13 St.,Manhattan,,,,
LawEnforcement-Un Authorized Tractor Trailer,Grand Central Parkway & 94 Street,Queens,,,,
Rescue-Technical,300 Main Street,Manhattan,,,,
Fire-1st Alarm,Penn Station,Manhattan,,,,
HazMat-Gasoline,2500 Hoffman Street,Bronx,,,,
Utility-Water Main,1680 Atlantic Avenue,Brooklyn,,,,
Utility-Water Main,Rockaway Beach Boulevard & B 114 Street,Queens,,,,
Structural-Stability Problem,946 Herkimer St.,Brooklyn,,,,
Utility-Water Main,23rd Street & Broadway,Manhattan,,,,
Transportation-Jack-knifed Tractor Trailer,BQE & Meeker Ave,Queens,,,,
Structural-Sidewalk Shed,29-11 Queens Plaza N,Queens,,,,
Structural-Sidewalk Shed,W 86 St & Broadway,Manhattan,,,,
HazMat-High Carbon Monoxide,2447 White Plains Rd,Bronx,,,,
Utility-Water Main,249-4 Shiloh Avenue,Queens,,,,
Structural-Life Safety Violations,40-33 Forley Street,Queens,,,,
Utility-Water Main,255 Columbia Street,Brooklyn,,,,
Transportation-Commuter Bus,East 85 Street & Madison Avenue,Manhattan,,,,
Utility-Water Main,611 West 141th Street,Manhattan,,,,
Fire-4th Alarm,104-15 Northern Blvd,Queens,,,,
Fire-2nd Alarm,75 Mott St.,Manhattan,,,,
Fire-3rd Alarm,891 East 135 Street,Bronx,,,,
Fire-1st Alarm,625 8 Ave. (Port Authority Bus Terminal),Manhattan,,,,
HazMat-High Carbon Monoxide,631  9th Ave.,Manhattan,,,,
Marine-Injured Dolphin,Gowanus Canal,Brooklyn,,,,
Utility-Defective Electrical Service,515 West 42 St.,Manhattan,,,,
Fire-3rd Alarm,564 W 188th Street,Manhattan,,,,
Rescue-Confined Space,45-11 Broadway,Queens,,,,
Structural-Sidewalk Shed,20 Richmond Plaza,Bronx,,,,
Fire-4th Alarm,2440 Amsterdam Ave,Manhattan,,,,
Fire-4th Alarm,175 Bedford Avenue,Brooklyn,,,,
HazMat-Chemical,431 West 54 Street,Manhattan,,,,
LawEnforcement-Device,Ave T & Flatbush Ave,Brooklyn,,,,
Structural-Construction Accident,W 68 St & Amsterdam Av,Manhattan,,,,
LawEnforcement-Suspicious Package,Leroy St & Greenwich St,Manhattan,,,,
Utility-Electric Feeder Cable,Borough Hall Network,Brooklyn,,,,
Fire-School,1750 Amsterdam Ave,Manhattan,,,,
Fire-4th Alarm,42-02  Kissena Blvd,Queens,,,,
Rescue-Sidewalk Collapse,,Manhattan,,,,
Fire-2nd Alarm,672  Decatur Street,Brooklyn,,,,
Transportation-Truck,Park Avenue & E 39th Street,Manhattan,,,,
Fire-5th Alarm,41 Spring St.,Manhattan,,,,
Utility-Water Main,199 Water Street,Manhattan,,,,
Structural-Crane,46-10 Center Blvd.,Queens,,,,
Structural-Scaffold,55 Broadway,Manhattan,,,,
Marine-Commuter,Gouverneur Lane & South Street,Manhattan,,,,
Structural-Missing Construction Plate,132 West 10 St,Manhattan,,,,
Structural-Collapse,160 Lexington Ave,Manhattan,,,,
LawEnforcement-Suspicious Package,26 Federal Plaza,Manhattan,,,,
Structural-Sidewalk Shed,79 Street & 4 Avenue,Brooklyn,,,,
Utility-Manhole,University Avenue & Tremont Ave,Bronx,,,,
Utility-Water Main,132  Beach  136 St,Queens,,,,
Medical-EMS MCI (Multiple Casualty Incident),Ocean Parkway & Avenue U,Brooklyn,,,,
LawEnforcement-Device,36-60 Waldo Ave.,Bronx,,,,
Fire-3rd Alarm,1029 42 Street,Brooklyn,,,,
Utility-Gas Service Line,625 8th Avenue,Manhattan,,,,
Fire-2nd Alarm,135  West  141 St,Manhattan,,,,
Reported on 4/22/2015 at  4:21:21PM,Page -1 of 1,,,,,
